nct_id,title,status,conditions,phases,minimum_age,maximum_age,sex,criteria_text,source_url
NCT01346046,Evaluation of SCOUT DS in Subjects With Type 2 Diabetes #2,COMPLETED,"Diabetes Mellitus, Non-Insulin Dependent",,18 Years,,ALL,"Inclusion Criteria:

* Age greater than or equal to 18 years Self-reported diagnosis of type 2 diabetes No Self-reported diagnosis of type 2 diabetes

Exclusion Criteria:

* Less than 18 years of age

  * Diagnosed with type 1 diabetes
  * Known to be pregnant (Self Reported)
  * Receiving dialysis or having known renal compromise
  * Scars, tattoos, rashes or other disruption/discoloration on the left volar forearm.
  * Known to have, or at risk for, photosensitivity reactions ( e.g., sensitive to ultraviolet light, or taking medication known to cause photosensitivity)",https://clinicaltrials.gov/study/NCT01346046
NCT02352246,HIIE and Abdominal Fat Mass in DT2 Postmenopausal Women,UNKNOWN,Type 2 Diabetes; Overweight (BMI > 25); Postmenopausal Women,NA,55 Years,82 Years,FEMALE,"Inclusion Criteria:

* postmenopausal women (55- 82 years)
* T2D
* BMI ≥ 25 and \< 40
* able to follow an exercise protocol
* eating behavior and physical activity stable since at least 3 month

Exclusion Criteria:

* \- subject not able to perform exercise after medical examination
* subject not able to perform bicycle exercise (pains)
* chronic infection
* use of β-blocker
* medical treatment that could interfere with the different outcome measures
* Hormonal Replacement Therapy (HRT)
* regular consumption of alcohol
* refusal to sign the consent form",https://clinicaltrials.gov/study/NCT02352246
NCT04818242,Dexcom Continuous Glucose Monitoring in Long-term Care,COMPLETED,"Diabetes; Diabetes Mellitus, Type 2",NA,18 Years,,ALL,"Inclusion Criteria:

* Males and females admitted to subacute and long-term skilled nursing care facilities.
* Known history of T2D treated with insulin or insulin secretagogues with or without additional oral antidiabetic agents, short- and long-acting glucagon-like peptide-1 receptor agonists (GLP-1 RA).
* Patients with an expected long-term care facility length-of-stay \> 1 week.

Exclusion Criteria:

* Patients expected to require MRI procedures during admission.
* Patients with clinically relevant hepatic disease (diagnosed liver cirrhosis and portal hypertension), corticosteroid therapy, end-stage renal disease (dialysis), or anasarca (massive peripheral edema).
* Female subjects who are pregnant or breast-feeding at time of enrollment into the study.",https://clinicaltrials.gov/study/NCT04818242
NCT00253786,Study for the Effectiveness of Intensive Therapy Aiming at a Remission of Diabetic Nephropathy,COMPLETED,Type 2 Diabetes Mellitus; Diabetic Nephropathy,NA,20 Years,75 Years,ALL,"Inclusion Criteria:

1. Patients with type 2 diabetes
2. Urinary albumin-to-creatinine ratio: \>=300 mg/g creatinine twice in the first morning urine sample
3. Serum creatinine level: =\<2.5 mg/dl
4. Patients aged 20-75 years

Exclusion Criteria:

1. Type 1 diabetes
2. Hereditary diabetes or secondary diabetes
3. Non-diabetic nephropathy
4. Familial hypercholesterolemia
5. Secondary hypertension
6. Unstable angina pectoris or history of myocardial infarction/stroke within 6 months prior to consent acquisition
7. Malignant tumor or life threatening disease
8. History of angioedema
9. Patients undergoing LDL apheresis
10. Biliary system obstruction or severe liver injury
11. Liver dysfunction
12. Allergy for ACE-Is, ARBs or HMG-CoA reductase inhibitors
13. Pregnant or nursing patients
14. Others: patients who are not suitable for this trial",https://clinicaltrials.gov/study/NCT00253786
NCT00001870,Study of the Effects of Vitamin C on Patients With Type 2 Diabetes,COMPLETED,"Diabetes Mellitus, Non-Insulin Dependent; Non-Insulin Dependent",PHASE2,,,ALL,"INCLUSION CRITERIA:

DIABETIC SUBJECTS:

Males and non-pregnant females between the ages of 18 and 65 in good general health except for type 2 diabetes controlled with diet and/or oral hypoglycemic agents.

Patients found to have plasma vitamin C levels less than 40 microliter M, will be enrolled into the protocol and taken off hypoglycemic agents approximately one week prior to each study.

VITAMIN C-DEFICIENT CLINICAL RESEARCH VOLUNTEERS:

Adults between the ages of 18 and 35 in good general health and on no drugs or medications.

EXCLUSION CRITERIA:

ALL SUBJECTS:

Pregnancy, liver disease, pulmonary disease, renal insufficiency, coronary heart disease, heart failure, peripheral vascular disease, coagulopathy, disease predisposing to vasculitis or Raynaud's phenomenon, bleeding disorders, kidney stones, glucose-6-phosphate dehydrogenase deficiency, family history of hemochromatosis/iron overload, platelet count less than 150,000/ml blood, prothrombin time/partial thromboplastin time (PT/PTT) greater than 1 second above the normal range, inability to give informed consent for all procedures, and positive tests for HIV, or hepatitis B or C.

DIABETIC SUBJECTS:

In addition, to the above exclusion criteria, the presence of proteinuria greater than 500 mg/24 hrs, proliferative retinipathy, or diabetic neuropathy

VITAMIN C-DEFICIENT CLINICAL RESEARCH VOLUNTEERS:

All the above exclusion criteria.",https://clinicaltrials.gov/study/NCT00001870
NCT00720889,Glucose Metabolism and Sleep in People With Family History of Type 2 Diabetes.,COMPLETED,Sleep; Insulin Resistance; Type 2 Diabetes,,21 Years,40 Years,ALL,"Inclusion Criteria:

* regular sleep habits
* BMI 20 to 27 kg/m2
* at least one parent, sibling or grandparent with type 2 diabetes
* no regular exercise habits

Exclusion Criteria:

* active smoker
* night or shift work
* have highly variable sleep habits
* have a hormonal disorder
* have a sleep disorder
* have an active medical problem
* women only: use of birth control pills
* women only: irregular menstrual periods or pregnancy
* use of medications/compounds that can disrupt sleep",https://clinicaltrials.gov/study/NCT00720889
NCT00960791,"Study to Assess the Absorption, Distribution, Metabolism and Excretion of AZD1656 in Type 2 Diabetes Mellitus (T2DM)",COMPLETED,Type II Diabetes Mellitus,PHASE1,35 Years,65 Years,MALE,"Inclusion Criteria:

* Male type II diabetes patients diagnosed for more than 5 years and aged between 35 and 65 years.
* Subjects treated with metformin alone or metformin and one other oral anti-diabetic drug.
* Subjects should have FPG in the range of 6.0 to 11.0 mmol/L at screening and HbA1c less than 10% (HbA1c value according to international DCCT standard).

Exclusion Criteria:

* History of ischemic heart disease, stroke, transient ischemic attack or symptomatic peripheral vascular disease.
* Renal dysfunction.
* Use of insulin, glitazones, warfarin and amiodarone within 3 months before enrolment and use of potent CYP450 inhibitors, e.g., ketoconazole and macrolide antibiotics within 14 days before administration of IP.",https://clinicaltrials.gov/study/NCT00960791
NCT03374774,A Non-interventional Study of Ability and Willingness to Pay for BIAsp 30 in a Real World Population With Type 2 Diabetes Mellitus (T2DM),COMPLETED,"Diabetes; Diabetes Mellitus, Type 2",,18 Years,,ALL,"Inclusion Criteria: - The decision to initiate treatment with commercially available BIAsp 30 has been made by the patient and the treating physician before and independently from the decision to include the patient in this study - Patients selected by their physician for participation in the study, who are likely to be able and willing to pay for the BIAsp 30 treatment for at least 12 weeks from baseline visit as assessed by the treating physician - Signed informed consent obtained before any study-related activities (study-related activities are any procedure related to recording of data according to the protocol) - Male or female greater than or equal to 18 years at time of informed consent - Diagnosed with T2DM and treated with BHI in vials for at least three consecutive months at time of informed consent Exclusion Criteria: - Previous participation in this study. Participation is defined as having given informed consent in this study - Concurrent participation in any other clinical trial or study - Patients previously treated with insulin analogues - Known or suspected hypersensitivity to study product (or any of the excipients of the study product; a full list of excipients is provided in Summary of product characteristics (SmPC) of NovoMix® 30) or related products - Mental incapacity, unwillingness, or language barriers precluding adequate understanding or cooperation - Patients who are unable to read or write (illiterate)",https://clinicaltrials.gov/study/NCT03374774
NCT01427660,iDecide.Decido: Diabetes Medication Decision Support Study,COMPLETED,"Diabetes, Type 2",NA,21 Years,,ALL,"Inclusion Criteria:

* type 2 diabetes
* stated concern about diabetes and diabetes treatment
* poor glycemic control
* over 21 years of age

Exclusion Criteria:

* blind, deaf, otherwise unable to use the telephone or visual resources
* pregnant
* currently enrolled in other REACH Detroit research study
* in hospice care
* current radiation or chemotherapy",https://clinicaltrials.gov/study/NCT01427660
NCT06688461,High Intensity Interval Training and Insulin Sensitivity in Type 2 Diabetes,RECRUITING,Type 2 Diabetes; Lifestyle-related Condition; Insulin Sensitivity/Resistance,NA,45 Years,75 Years,ALL,"Inclusion Criteria:

* Participants are able to provide signed and dated written informed consent prior to any study specific procedures
* Aged ≥ 45 and ≤ 75 years
* BMI: 25-35 kg/m2
* Diagnosed as T2DM patients for at least 1 year and not longer than 5 years
* HbA1c ≥ 6.5% and ≤ 8.5%
* Fasting blood glucose \<130 mg/dL
* Women are post-menopausal (\>1 year cessation of menses),
* Being stable on medication use of metformin and/or sulfonylurea derivatives for the previous 3 months or more and other medication naïve.

Exclusion Criteria:

* Type 1 diabetes
* Patients with congestive heart failure and and/or severe renal and or liver insufficiency
* Contraindications for MRI/MRS examination
* Active diabetic foot
* Polyneuropathy or retinopathy
* Signs of active liver or kidney dysfunction
* BMI \>35 kg/m2
* Exogeneous insulin therapy
* Use of antidiabetic medication other than metformin or sulfonylurea derivatives treatment within 3 months before screening
* Use of SGLT2 inhibitors
* Unstable body weight (variations \>5kg in the last 3 months)
* Ongoing weight loss diet or use of weight loss agents
* Uncontrolled hypertension
* Engagement in regular exercise program or any other medical condition that will impede the safe performance of the experiments",https://clinicaltrials.gov/study/NCT06688461
NCT03910361,Efficacy and Safety of Evoglitin in Patients With Type 2 Diabetes and Non-alcoholic Fatty Liver Diseases,COMPLETED,Type2 Diabetes; Non-Alcoholic Fatty Liver Disease,PHASE4,19 Years,70 Years,ALL,"Inclusion Criteria:

* Type II diabetes mellitus
* Subjects who have not been taking any oral hypoglycemic agent within 8 weeks from screening or who have been taking metformin monotherapy at the same dose for more than 8 weeks before screening
* Subjects with 6.5%≤HbA1c≤9.0% at screening
* Subjects with 20kg/m2≤BMI≤40kg/m2 at screening

Exclusion Criteria:

* Type I diabetes mellitus, secondary diabetes mellitus or gestational diabetes mellitus
* AST \> upper normal range\*3
* Galactose intolerance, Lapp lactase deficiency, glucose-galactose malabsorption
* Subjects who experienced hypersensitivity reaction against DPP-4 inhibitors, thiazolidinediones
* Pregnant women",https://clinicaltrials.gov/study/NCT03910361
NCT01839370,Phase 2 Study of Adaptive Insulin Meal Supervisor (AIMS) in Adults With Type 1 Diabetes Mellitus,COMPLETED,"Diabetes Mellitus, Type 1",NA,21 Years,65 Years,ALL,"INCLUSION CRITERIA

1. ≥21 and \<65 years old.
2. Clinical diagnosis of type 1 diabetes mellitus. For an individual to be enrolled at least one criterion from each list must be met.

   o Criteria for documented hyperglycemia (at least 1 must be met): i. Fasting glucose ≥126 mg/dL - confirmed ii. Two-hour Oral Glucose Tolerance Test (OGTT) glucose ≥200 mg/dL - confirmed iii. HbA1c ≥6.5% documented - confirmed iv. Random glucose ≥200 mg/dL with symptoms v. No data at diagnosis is available but the participant has a convincing history of hyperglycemia consistent with diabetes

   o Criteria for requiring insulin at diagnosis (1 must be met): i. Participant required insulin at diagnosis and continually thereafter ii. Participant did not start insulin at diagnosis but upon investigator review likely needed insulin (significant hyperglycemia that did not respond to oral agents) and did require insulin eventually and used continually iii. Participant did not start insulin at diagnosis but continued to be hyperglycemic, had positive islet cell antibodies - consistent with latent autoimmune diabetes in adults (LADA) and did require insulin eventually and used continually
3. Use of an insulin pump to treat his/her diabetes for at least 1 year.
4. Familiarity with a bolus calculator with the current insulin pump with pre-defined parameters for carbohydrate (CHO) ratio, insulin sensitivity factor (ISF), target glucose and active insulin.
5. HbA1c 6.5-9% as measured with DCA2000 or equivalent device.
6. Not currently known to be pregnant, breast feeding, or intending to become pregnant (females).
7. Demonstration of proper mental status and cognition for the study.
8. Willingness to avoid consumption of acetaminophen-containing products during the study interventions involving CGM use.
9. Willingness to refrain from strenuous exercise for 2 days prior to admission. Non-strenuous walks of less than 15 minutes around the guest house will be permitted during the study.
10. If on antihypertensive, thyroid, anti-depressant or lipid lowering medication, have stability on the medication for at least 2 months prior to enrollment in the study.
11. Normal renal function (determined utilizing the comprehensive metabolic panel at screening with the Modification of Diet in Renal Disease (MDRD) formula and defined by estimated Glomerular Filtration Rate (eGFR) ≥60 ml/min/1.73 m2.

EXCLUSION CRITERIA

1. Known hypersensitivity to pramlintide or any of its components, including metacresol.
2. Severe hypoglycemia resulting in seizure, loss of consciousness, or diabetic ketoacidosis (DKA) within the 12 months prior to enrollment.
3. Pregnancy; breast feeding, or intention of becoming pregnant.
4. Uncontrolled arterial hypertension (Resting diastolic blood pressure \>90 mmHg and/or systolic blood pressure \>160 mmHg).
5. Conditions which may increase the risks associated with possible hypoglycemia, such as any active cardiac disorder/arrhythmia, uncontrolled coronary artery disease during the previous year (e.g. history of myocardial infarction, acute coronary syndrome, therapeutic coronary intervention, coronary bypass or stenting procedure, stable or unstable angina, episode of chest pain of cardiac etiology with documented electrocardiogram (EKG) changes, or positive stress test or catheterization with coronary blockages \>50%), congestive heart failure, history of cerebrovascular event, seizure disorder, syncope, adrenal insufficiency, neurologic disease or atrial fibrillation.
6. Self-reported hypoglycemia unawareness.
7. History of a systemic or deep tissue infection with methicillin-resistant staph aureus or Candida albicans.
8. Use of a device that may pose electromagnetic compatibility issues and/or radiofrequency interference with the CGM (implantable cardioverter-defibrillator, electronic pacemaker, neurostimulator, intrathecal pump, and cochlear implants).
9. Anticoagulant therapy other than aspirin.
10. Medical condition requiring use of an acetaminophen-containing medication that cannot be withheld for the study admissions.
11. Psychiatric disorders that would interfere with study tasks (e.g. inpatient psychiatric treatment within 6 months prior to enrollment).
12. Mental incapacity, unwillingness or language barriers precluding adequate understanding or cooperation.
13. Known current or recent alcohol or drug abuse.
14. Medical conditions that would make operating a CGM, the DiAs cell phone or insulin pump difficult (e.g. blindness, severe arthritis, immobility).
15. Any skin condition that prevents sensor or pump placement on the abdomen or arm (e.g. bad sunburn, pre-existing dermatitis, intertrigo, psoriasis, extensive scarring, cellulitis).
16. In adherence with the One Touch Ultra 2 User Guide, subjects with hematocrit levels less than 30% and above 55% will be excluded.
17. Impaired hepatic function measured as alanine aminotransferase or aspartate aminotransferase ≥three times the upper reference limit.
18. Abnormal liver function (Transaminase \>2 times the upper limit of normal).
19. Uncontrolled microvascular (diabetic) complications, such as current proliferative diabetic retinopathy or macular edema, known diabetic nephropathy (other than microalbuminuria with normal creatinine) or neuropathy requiring drug treatment.
20. Active gastroparesis requiring current medical therapy.
21. Uncontrolled adrenal disorder.
22. Uncontrolled thyroid disease.
23. If on antihypertensive, thyroid, anti-depressant or lipid lowering medication, lack of stability on the medication for the past 2 months prior to enrollment in the study.
24. Known bleeding diathesis or dyscrasia.
25. Known allergy to medical adhesives, components of the insulin pump insertion set or continuous glucose monitor sensor.
26. Subjects with basal rates less than 0.01U/hr.
27. Subjects who are sexually active and able to become pregnant and not using an acceptable method of birth control.

RESTRICTIONS ON USE OF OTHER DRUGS OR TREATMENTS

1. Use of anti-diabetic agents other than continuous subcutaneous insulin infusion (CSII) including long-acting insulin, intermediate-acting insulin, metformin, sulfonylureas, meglitinides, thiazolidinediones, dipeptidyl peptidase 4 (DPP-4 ) inhibitors, glucagon- like peptide 1 agonists, colesevelam, quick release bromocriptine, sodium-glucose linked transporter (SGLT-2) inhibitors and alpha-glucosidase inhibitors.
2. Acetaminophen will not be allowed while the continuous glucose monitor is in use.
3. Medications that block symptoms of hypoglycemia, including but not limited to beta blockers.
4. Oral steroids or other medications, which in the judgment of the investigator would be a contraindication to participation in the study.
5. Use of drugs that stimulate gastrointestinal motility (e.g. metoclopramide).
6. Orally administered medications (prescription and non-prescription) which require rapid onset as a critical determinant of effectiveness must be given at least 1 hour prior to or 2 hours after the Pramlintide injection and that subjects who require such medications be excluded if the medication must be given less than 1 hour prior to or 2 hours after the pramlintide dose.
7. Medications known to interfere with hypoglycemic symptoms including but not limited to beta- blockers, clonidine, reserpine, and guanethidine.",https://clinicaltrials.gov/study/NCT01839370
NCT01005069,Efficacy of DLBS-32 in Subjects With Type-II Diabetes Mellitus,COMPLETED,"Diabetes Mellitus, Type 2",PHASE2,18 Years,60 Years,ALL,"Inclusion Criteria:

* Fasting capillary blood glucose of 127-249 mg/dL at screening
* BMI \>= 18.5 kg/m\^2 or waist circumference of \>= 90 cm (male) or \>= 80 cm (female)
* Normal liver function
* Normal renal function
* OHA-naive type-II-diabetic patients

Exclusion Criteria:

* Symptomatic congestive heart failure, unstable angina pectoris, or cardiac arrhythmia
* Uncontrolled hypertension
* History of or current treatment with insulin
* Current treatment with systemic corticosteroids or herbal (alternative) medicines
* History of renal and/or liver disease
* Pregnant or breast feeding females",https://clinicaltrials.gov/study/NCT01005069
NCT03047668,POLY-unsaturated Fatty Acids in the Preservation of Dietary Effects on Hepatosteatosis and Energy Metabolism in Type 2 Diabetes,UNKNOWN,Type 2 Diabetes; NAFLD; Obesity; Dyslipidemia; Hypertension; Metabolic Syndrome,NA,18 Years,79 Years,ALL,"Inclusion Criteria:

* male and female subjects
* 18-79 years old
* type 2 diabetes

Exclusion Criteria:

* renal insufficiency
* anaemia
* immunosuppression
* previous symptomatic cancer diagnosis
* acute cardiovascular disease (stroke, coronary syndrome)
* pregnancy and lactation
* severe psychiatric disorders
* corticoid or other immunosuppressive therapy",https://clinicaltrials.gov/study/NCT03047668
NCT01792518,"MARLINA - T2D : Efficacy, Safety & Modification of Albuminuria in Type 2 Diabetes Subjects With Renal Disease With LINAgliptin",COMPLETED,"Diabetes Mellitus, Type 2",PHASE3,18 Years,80 Years,ALL,"Inclusion criteria:

* Diagnosis of type 2 diabetes mellitus
* Glycosylated Hemoglobin (HbA1c) between 6.5 and 10% (inclusive)
* Current therapy with ACEi or ARB at stable dose for 10 weeks
* Urinary albumin-to-creatinine ratio (UACR): 30-3000 mg/g creatinine documented in the previous 12 months or detected at Screening.
* Estimated Glomerular Filtration Rate (eGFR) greater than 30 ml/min.
* Age between 18 and 80 years.

Exclusion criteria:

* Dual or triple blockade of the Renin Angiotensin System (RAS)
* Uncontrolled hyperglycaemia
* Mean arterial blood pressure \> 110 mmHg
* Known hypersensitivity or allergy to the investigational product, or their excipients (including matching placebos).
* Treatment with a glitazone within 6 months prior to informed consent.
* Treatment with a DiPeptidyl-Peptidase 4 (DPP-4) inhibitor, a Glucagon Like Peptide-1 (GLP-1) agonist, a Sodium/Glucose coTransporter 2 (SGLT2) inhibitor, a dopamine-agonist, a bile-acid sequestrant a short acting (prandial) insulin or premixed insulin within 10 weeks prior to informed consent.
* Treatment with anti-obesity drugs 10 weeks prior to informed consent.
* Alcohol or drug abuse within 3 months prior to informed consent that would interfere with trial participation or any ongoing condition leading to a decreased compliance to study procedures or study drug intake in the opinion of the investigator.
* Current treatment with systemic steroids (glucocorticoids) at time of informed consent or change in dosage of thyroid hormones within 6 weeks prior to informed consent.
* Participation in another trial with an investigational drug within 2 months prior to informed consent.",https://clinicaltrials.gov/study/NCT01792518
NCT01234597,Evaluation of the Prandial Treatment Adjustment Effect Via Continuous Glucose Monitoring on Type 2 Diabetes Mellitus (DM) Patients Uncontrolled With a Basal Insulin or Premix Once a Day,COMPLETED,"Diabetes Mellitus, Type 2",PHASE4,21 Years,,ALL,"Inclusion criteria:

Run-in period:

1. Type 2 diabetes
2. HbA1c≥ 8.5% (in a test of the last month)
3. Age above 21 years
4. Patients continuously treated with basal insulin or mixed insulin once daily for the last 6 months
5. Signed informed consent form
6. Patients who according to their physician are eligible to the study

Randomization:

1. HbA1c \> 7.5%
2. FPG \< 130 mg/dl

Exclusion criteria:

1. Type 1 diabetes
2. Patients continuously treated with short-acting insulin or mixed insulin more than once daily for 3 weeks during the last 6 months.
3. Pregnant or breastfeeding women.
4. Patients with allergy to insulin.
5. Patients with severe diseases characterized by recurrent hospitalizations, including: Severe renal insufficiency, severe cardiac insufficiency, active oncological disease or oncological disease requiring chemotherapy.
6. Patients with mobility difficulties and/or difficulties communicating with the investigator

The above information is not intended to contain all considerations relevant to a patient's potential participation in a clinical trial.",https://clinicaltrials.gov/study/NCT01234597
NCT01127997,The Effect and Mechanisms of the Second-meal Phenomenon in Type 2 Diabetic Patients,COMPLETED,Type 2 Diabetes,,35 Years,70 Years,ALL,"Inclusion Criteria:

* age 35-70
* HbA1c 6-8%
* DM duration less than 5 yrs

Exclusion Criteria:

* type 1 DM, secondary DM, gestational DM
* patients using insulin, TZDs
* patients using corticosteroid, herb medication or other medications affecting glucose tolerance
* renal dysfunction (Cr \> 1.5mg/dL)
* hepatic dysfunction (LFT \> x 3UNL)
* anemia (Hg \< 10g/dL)
* ischemic heart disease, congestive heart failure
* severe diabetic complication (CRF, CVA, PDR, gastroparesis)
* infectious disease
* malignancy
* pregnant women",https://clinicaltrials.gov/study/NCT01127997
NCT05274880,Study to Evaluate the Food Effect on Pharmacokinetics Profile and Safety of CKD-393,COMPLETED,Type II Diabetes Mellitus,PHASE1,19 Years,54 Years,ALL,"Inclusion Criteria:

1. Healthy adults aged 19 years old or more and less than 55 years old at screening
2. Individuals who had 17.5 kg/m2 ≤ Body mass index (BMI) \< 30.5 kg/m2 and body weight ≥ 55 kg for males and body weight ≥ 50 kg for females

   ☞ BMI = Body weight (kg) / height (m)2
3. Individuals without congenital disease, chronic disease within the last 3 years, or pathological symptoms or signs based on medical examination
4. Individuals who were deemed to be eligible based on the screening tests such as laboratory tests (hematology, chemistry, urinalysis, serology, etc.), vital signs, and 12-lead electrocardiogram
5. Individuals who were willing to participate in the study after being fully informed of the study object and procedures and who signed an informed consent form approved by the institutional review board (IRB) of Korea University Guro Hospital
6. Individuals who agreed to use appropriate contraceptive methods (contraceptive methods other than hormones: condoms, intrauterine devices (IUD, IUS), tubal ligation, cervical cap, diaphragm, etc.) and agreed not to donate sperm during the clinical study and until 1 month after the last administration of investigational product
7. Individuals with the ability and willingness to participate the entire study

Exclusion Criteria:

1. Individuals with medical evidence or clinically significant history of hematological, renal, endocrine, respiratory, gastrointestinal, urinary, cardiovascular, hepatic, psychiatric, neurologic, or immune disease (excluding simple dental histories of dental plaque, impacted tooth, or wisdom tooth, etc.) 1-1) Patients with severe heart failure or who had history of heart failure (New York Heart Association (NYHA) class 1, 2, 3, 4) 1-2) Patients with hepatic failure 1-3) Patients with diabetic ketoacidosis, diabetic coma, or type 1 diabetes mellitus 1-4) Patients with severe infection or trauma, or pre-/post-operative patients 1-5) Patients with edema 1-6) Patients with moderate to severe kidney impairment (eGFR\<60 mL/min/1.73 m2) 1-7) Patients who had acute condition that affects renal function such as dehydration, severe infection, cardiovascular collapse (shock), acute myocardial infarction, or sepsis 1-8) Patients who underwent tests using intravenous radioactive iodine contrast (e.g., intravenous urography, intravenous cholangiography, angiography, contrast enhanced computed tomography, etc.) 1-9) Patients with malnutrition, starvation, asthenia, pituitary insufficiency, or adrenal insufficiency 1-10) Patients with genetic disorders such as galactose intolerance, Lapp lactase deficiency, or glucose-galactose malabsorption
2. Individuals with a history of gastrointestinal disease (e.g., esophageal achalasia, esophagostenosis, or Crohn's disease) or surgery (excluding simple appendectomy, hernia repair, or tooth extraction) that might affect drug absorption
3. Individuals who had following laboratory test results at screening:

   ☞ ALT or AST \> 2x the upper limit of the normal range
4. Individuals who had regular alcohol consumption exceeding 210 g /week within 6 months prior to screening (Beer (5%) 250 mL = 10 g, Soju (20%) 50 mL = 8 g, wine (12%) 125 mL = 12 g)
5. Individuals who smoked 20 cigarettes or more per day within 6 months prior to screening
6. Individuals who had taken any investigational product from other clinical or bioequivalence studies within 6 months prior to the first administration of the investigational product of this study
7. Individuals who had following vital signs at screening:

   ☞ Sitting systolic blood pressure \< 90 mmHg or ≥ 160 mmHg or sitting diastolic blood pressure \< 60 mmHg or ≥ 100 mmHg
8. Individuals who had serious alcohol or drug abuse history within 1 year prior to the screening
9. Individuals who had taken any drug known as a strong inducer or inhibitor of drug metabolizing enzymes within 30 days prior to the first administration of the investigational product
10. Individuals who had taken prescribed or over-the-counter medicine within 10 days prior to the first administration of the investigational product
11. Individuals who had donated whole blood within 2 months or blood components within 1 month prior to the first administration of the investigational product, or who received transfusion within 1 month prior to the first administration of the investigational product
12. Individuals who had severe acute/chronic medical or mental conditions that might increase the risk caused by study participation or administration of the investigational product or might interfere with the interpretation of study results
13. Individuals with hypersensitivity or history of allergy to the investigational product as well as main ingredients and components of the investigational product (such as tartrazine and sunset yellow FCF)
14. Women who were or might be pregnant and who were breastfeeding
15. Individuals who could not consume the high-fat meal provided during the clinical study
16. Individuals judged by the investigator as inappropriate to participate in the study",https://clinicaltrials.gov/study/NCT05274880
NCT00771680,"Observational Study to Evaluate the Effectiveness and Safety of Levemir®, NovoMix® 30 and NovoRapid® in Insulin naïve Subjects With Type 2 Diabetes",COMPLETED,"Diabetes; Diabetes Mellitus, Type 2",,,,ALL,"Inclusion Criteria:

* Any insulin näive type 2 diabetic patient that able to use the drug as judged by the investigator

Exclusion Criteria:

* In accordance with approved label",https://clinicaltrials.gov/study/NCT00771680
NCT00541879,Obesity and Diabetes Prevention Through Science Enrichment,COMPLETED,Type 2 Diabetes; Obesity,NA,6 Years,13 Years,ALL,"Inclusion Criteria:

* Elementary school child in selected intervention or comparison classes/schools",https://clinicaltrials.gov/study/NCT00541879
NCT05926388,Video-Assisted Instruction in Type 2 Diabetes Patients,COMPLETED,"Education, Patient",NA,18 Years,65 Years,ALL,"Inclusion Criteria

* 18-65 years
* No hearing or communication problems
* Self-injecting insulin

Exclusion Criteria

* Health care professionals
* Chronic complications
* Pregnant",https://clinicaltrials.gov/study/NCT05926388
NCT06586203,Clinical Utility of a Genomic Predictor Test on the Management of Cardiorenal Complications of Type 2 Diabetes,RECRUITING,"Diabetes Mellitus, Type 2; Cardiovascular Diseases; Diabetic Nephropathy Type 2",NA,18 Years,,ALL,"Inclusion Criteria:

* Adult patients with T2D of both sexes regardless of ethnicity, level of diabetes control and presence of complications.
* Able to visit the study site 7 times
* Able and willing to provide informed consent to the clinical and PRS parts of the study.

Exclusion Criteria:

* Any condition that may impact participation in a real-world study according to the treating physician.
* People with a high frailty index as no benefit of therapeutic intensification has been demonstrated in these diabetic patients.
* People who refuse to be informed of their cardiorenal risk score.",https://clinicaltrials.gov/study/NCT06586203
NCT03687827,A Research Study to Compare the Effect of Insulin Degludec and Insulin Glargine on Blood Sugar Levels in People With Type 2 Diabetes - the SWITCH PRO Study,COMPLETED,"Diabetes Mellitus, Type 2",PHASE4,18 Years,,ALL,"Inclusion Criteria:

* Male or female, age greater than or equal to 18 years at the time of signing informed consent
* Diagnosed with type 2 diabetes mellitus greater than or equal to 180 days prior to the day of screening
* Subjects fulfilling at least one of the below criteria:
* Experienced at least one severe hypoglycaemic episode within the last year prior to screening (according to the American Diabetes Association definition, January 2018)\*
* Moderate renal impairment defined as estimated glomerular filtration rate value of 30-59 mL/min/1.73 m\^2 as defined by Kidney Disease Improving Global Outcomes 2012 at screening
* Known hypoglycaemic unawareness as indicated by the investigator according to Clarke's questionnaire question 8 at screening
* Treated with insulin for more than 5 years
* Episode of hypoglycaemia (defined a glucose alert value of 70 mg/dL (3.9 mmol/L) or less, i.e., Level 1) within the last 12 weeks prior to screening visit
* Treated with any basal insulin greater than or equal to 90 days prior to the day of screening with or without any of the following anti-diabetic drugs:
* Metformin
* Dipeptidyl peptidase-4 inhibitor
* Sodium-glucose co-transporter 2 inhibitor
* Alpha-glucosidase-inhibitors (acarbose)
* Thiazolidinediones
* Marketed oral combination products only including the products listed above
* HbA1c less than or equal to 9.5% (80 mmol/mol) at screening confirmed by central laboratory analysis
* Body mass index less than or equal to 45 kg/m\^2 \*Hypoglycaemia associated with severe cognitive impairment requiring external assistance for recovery

Exclusion Criteria:

* Treatment with any medication for the indication of diabetes or obesity other than stated in the inclusion criteria within the past 90 days prior to the day of screening. However, intermittent bolus insulin treatment for periods of no longer than 14 days are permitted prior to the day of screening
* Anticipated initiation or change in concomitant medications known to affect weight or glucose metabolism (e.g., treatment with orlistat, thyroid hormones, or corticosteroids)
* Uncontrolled and potentially unstable diabetic retinopathy or maculopathy. Verified by a pharmacologically pupil-dilated fundus examination performed by an ophthalmologist or another suitably qualified health care provider within the past 90 days prior to screening or in the period between screening and run-in",https://clinicaltrials.gov/study/NCT03687827
NCT02026024,Incretin Based Therapy for Poorly Controlled Type 2 Diabetic Patients,COMPLETED,Type 2 Diabetes Mellitus,,20 Years,80 Years,ALL,"Inclusion Criteria:

* i) Age \> 20 years old ii)DM (diabetes mellitus) diagnosed \> 2 years iii)HbA1c level of 8% to 12% iv) Receiving incretin based therapy at least one month (including either GLP-1 agonist or DPP(dipeptidyl peptidase)-IV inhibitor

Exclusion Criteria:

* Type 1 Diabetes Mellitus",https://clinicaltrials.gov/study/NCT02026024
NCT00738023,Free Fatty Acid-Induced Hypertension in Obese Subjects With Type 2 Diabetes,COMPLETED,Type 2 Diabetes; Hypertension,PHASE4,18 Years,,ALL,"Inclusion Criteria:

* Males or females between the ages of 18 and 70 years.
* Subjects must have a BMI of ≥ 30 kg/m2.
* Subjects must have a BP \< 130/80 mm Hg and no prior history of hypertension.
* A known history of type 2 diabetes mellitus \< 3 years (now 5 years).
* Subjects must have an HbA1c of \< 9%.
* Diabetic subjects must have been receiving as their only current anti-diabetic therapy stable doses of sulfonylureas for the last 2 months.
* Subjects must be able to understand and willing to adhere to the study protocol.

Exclusion Criteria:

* Subjects with history of hypertension (BP \> 140/90 mm HG) or who have received antihypertensive drug therapy prior to the study.
* Obese nondiabetic controls with impaired glucose tolerance (2-hour glucose between 140 - 199 mg/dl) during a 75-g OGTT.
* Diabetic subjects who require insulin therapy or have received an insulin sensitizer agent (metformin, rosiglitazone, pioglitazone) within 3 months of entering the study (at SV1, week-2).
* Subjects with fasting triglyceride levels \> 250 mg/dL prior to the study (at SV1, week-2).
* Clinically relevant hepatic disease (ALT 2.5x \> upper limit of normal), or other significant medical or surgical illness.
* Renal failure, as shown by a serum creatinine ≥1.5 mg/dL for males, or ≥ 1.4 mg/dL for females.
* Mental condition rendering the subject unable to understand the nature, scope, and possible consequences of the study.
* Female subjects are pregnant or breast feeding at time of enrollment into the study.",https://clinicaltrials.gov/study/NCT00738023
NCT06185296,The Intelligent Diabetes TelemonitoRing Using Decision Support to Treat Patients on Insulin Therapy,RECRUITING,Type 2 Diabetes Treated With Insulin,NA,18 Years,,ALL,"Inclusion Criteria:

* Adults ≥ 18 years.
* Diagnosis of T2D for at least 12 months prior to the day of screening.
* Patients who are being treated with insulin or about to start insulin treatment (insulin naïve) willing to travel to trial site in North Denmark to attend in-person visits.
* Have internet at home, have MitID, and willingness to use a smartphone and the other devices used in the trial
* Signed informed consent.
* Ability to understand and read Danish.

Exclusion Criteria:

* Pregnancy or breastfeeding.
* Major surgery is planned during the trial period.
* Cancer diagnosis within five years prior to inclusion.
* Participation in other interventional trials.
* Limited literacy affecting the use of trial devices.
* Patient who has worn a CGM monitor less than 6 months prior to the trial.
* Terms that, in the opinion of the sub-investigator or investigator, render the participant unfit to conduct the trial, including lack of understanding of the trial or lack of physical or cognitive ability to participate.
* Patients treated with mixed insulin.",https://clinicaltrials.gov/study/NCT06185296
NCT03253562,Metformin Versus Vildagliptin for Diabetic Hypertensive Patients,COMPLETED,Reducing the Elevated Blood Pressure for Diabetic Hypertensive Patients,PHASE4,40 Years,60 Years,FEMALE,"Inclusion Criteria:

* Patients suffering from moderate HTN and DM, their HbA1c ≥ 7 and age range between 40-60 years, treatment with diet alone, any combination of oral antidiabetic agents and/or insulin before admission

Exclusion Criteria:

* Clinical evidence of ischemic heart disease, chronic obstructive pulmonary disease, presence of diabetic ketoacidosis (DKA), patients admitted to intensive care unit (ICU), subjects expected to undergo surgery during the study period, patients with clinically relevant hepatic disease, impaired renal function (serum creatinine ≥3.0 mg/dL), systemic infections or pregnancy. Also, patients on medications known to interfere with the blood glucose level (either increasing or decreasing) were excluded from the study.",https://clinicaltrials.gov/study/NCT03253562
NCT03416127,Effect of Propolis or Metformin Administration on Glycemic Control in Patients With Type 2 Diabetes Mellitus,COMPLETED,"Diabetes Mellitus, Type 2",PHASE2,30 Years,60 Years,ALL,"Inclusion Criteria:

* Patients both sexes
* Age between 30 and 60 years
* Mild to moderate physical activity
* Stable body weight for at least 12 weeks prior to the study
* BMI 25.0 - 34.9 kg/m2
* Diabetes mellitus type 2 of recent diagnosis without pharmacological treatment, with one of the following criteria (fasting blood glucose levels \>126 mg/dl; or postprandial blood glucose levels after an oral glucose tolerance test with 75 of oral glucose \>200 mg/dl
* Informed consent signed

Exclusion Criteria:

* Women with confirmed or suspected pregnancy
* Women under lactation and/or puerperium
* Previous treatment for glucose
* Fasting glucose ≥250 mg/dL
* Known uncontrolled renal, hepatic, heart or thyroid diseased
* Hypersensibility to ingredients of intervention
* Known allergies to bee stings or their derived products
* Triglycerides ≥500 mg/dL
* Total cholesterol ≥240 mg/dL",https://clinicaltrials.gov/study/NCT03416127
NCT02805361,Real World Assessment of Clinical Outcome Changes -Including Month of Ramadan-for Dapagliflozin in Management of Type II Diabetes Mellitus,COMPLETED,Type II Diabetes Mellitus,,18 Years,,ALL,"Inclusion Criteria:

The target population will be selected according to the following inclusion criteria:

* Males and females participants aged 18 years and older who are diagnosed type 2 Diabetic patients- (Based on American Diabetes Association diagnostic criteria (ADA), The ADA defines diabetes as a fasting blood glucose (FBG) of ≥ 126mg/dL or a 2-hour glucose level post oral glucose tolerance test (OGTT) of ≥ 200 mg/dL or HbAJC of ≥ 6.5%).
* Patients treated with Dapagliflozin (as per routine care and in compliance with the locally approved prescribing information) for ≥ 4 weeks and ≤ 16 weeks prior to the recruitment date.
* Patients with CrCl \> 60 ml/min or eGFR \> 60 ml/min/1.73 m2 should be included in trial.
* Patients providing written informed consent.

Exclusion Criteria:

* Patients with contraindications to Dapagliflozin as per the locally approved prescribing information will be excluded from the study.
* If participating in any clinical trial, the subject cannot take part in this study.
* Patients with clinically significant renal, hepatic, haematological, oncological, endocrine, psychiatric or rheumatic disease.
* Patients who don't have a disease with life expectancy under 1 year.
* Patients with CrCl \< 60 ml/min or eGFR \< 60 ml/min/1.73 m2 should be excluded from the trial.",https://clinicaltrials.gov/study/NCT02805361
NCT02587286,Gather mHealth India RCT for Behavior and Health Outcomes,COMPLETED,"Diabetes Mellitus, Type 2",NA,18 Years,65 Years,ALL,"Inclusion Criteria:

* Type 2 diabetes mellitus, diagnosis for \> 6 months.
* Age 18-65, participants of either gender- males or females.
* HbA1c between 7.5% and 12.5% within last 6 months (inclusive).
* On stable diabetes therapy for \>3 months prior to enrollment.
* Own an Android Smartphone.
* Participant willing to sign and date written Informed Consent Form to participate in the study.
* Willing to comply with the study schedule and procedures including randomization.

Exclusion Criteria:

* Previously used Gather Health
* Currently using an insulin pump or continuous glucose monitor.
* Pregnant or planning to become pregnant in the next 12 months.
* Severe hearing or visual impairment.
* Active substance, alcohol, or drug abuser (sober \<1 year).
* Any psychiatric illness including psychosis or schizophrenia that will impair the patient's ability to complete the study or follow study protocol.
* Recent major surgery or planning to have major surgery
* Significant renal, hepatic, or other disease that may impair patient's ability to complete the study or follow study protocol
* Using glucocorticoids
* Patients who have received or are planning to receive an organ transplant",https://clinicaltrials.gov/study/NCT02587286
NCT03203694,Effects of Walking and Heating on Vascular Function in Diabetic Patients,COMPLETED,Type 2 Diabetes Mellitus; Obesity,NA,18 Years,65 Years,ALL,"Inclusion Criteria:

Patients with type 2 diabetes who are overweight and obese (BMI 25-50 kg/m2), 35 to 65 years of age, and sedentary (\<60 minutes structured exercise/week). Healthy volunteers without type 2 diabetes: 18 to 65 years of age.

Exclusion Criteria:

1. Cardiovascular disease including myocardial infraction, heart failure, coronary artery disease, stroke;
2. renal or hepatic diseases;
3. active cancer;
4. autoimmune diseases;
5. immunosuppressant therapy;
6. excessive alcohol consumption (\>14 drinks/week for men; \>7 drinks/week for women);
7. current tobacco use;
8. pregnancy;
9. mobility limitations;
10. foot ulcers;
11. diabetic neuropathy
12. uncontrolled hypertension (\>=180 systolic / 100 diastolic mmHg)",https://clinicaltrials.gov/study/NCT03203694
NCT00922194,Metformin in Overweight Type 2 Diabetes Mellitus,COMPLETED,Obesity; Type 2 Diabetes Mellitus,NA,30 Years,70 Years,ALL,"Inclusion Criteria:

* Type 2 Diabetes Mellitus
* BMI more than 25

Exclusion Criteria:

* Type 1 diabetes
* pancreatic diabetes
* presence of concomitant endocrinal disorder
* non-overweight type 2 diabetes
* type 2 diabetes with secondary failure to sulfonylurea and taking insulin
* presence of proliferative retinopathy or chronic renal failure
* known cirrhosis of liver
* heavy alcoholic
* presence of active tuberculosis
* known HIV disease or any active infection
* major mental illness
* failure to comply with the exercise advice due to physical incapacity (e.g., severe osteoarthritis, hemiparesis or any other disabling neurological disease)
* present pregnancy (or planning pregnancy)
* lactating mothers
* using any kind of hormones including oral contraceptives, systemic corticosteroids, nicotinic acid
* use of anti-obesity drug within the past 3 months
* chronic gastroparesis or chronic severe gastrointestinal symptoms
* a history of gastric or duodenal ulcers
* abdominal surgery within 1 year will not be included in the study
* patients with congestive heart failure or overt nephropathy will also not be included, due to unreliability of anthropometric measurements in such subjects and the relative risk of lactic acidosis",https://clinicaltrials.gov/study/NCT00922194
NCT02805543,The Correlation Between the Retrobulbar Hemodynamics and Intrarenal Hemodynamics in T2DM Patients During the Early Period,COMPLETED,"Diabetes Mellitus, Type 2",,35 Years,66 Years,ALL,"Inclusion Criteria:

1. The patients were diagnosed with T2DM according to the guidelines of the American Diabetes Association ;
2. No smoking history, pulmonary disease, cold, nor pulmonary infection within a fortnight;
3. Did not have hepatopathy, nephropathy, hyperuricemia, and gastrointestinal disease; and
4. Likely to have good compliance and able to visit our hospital for periodic assessments.

Exclusion Criteria:

1. T1DM, gestation and lactation;
2. Renal inadequacy,hypohepatia,and heart failure;
3. Intensive care with insulin treatment;
4. The patients combined with DR and hypertension (antihypertensive drugs were used);
5. Patients with other eye conditions that could affect the blood flow, such as high degree myopia, maculopathy of any origin, glaucoma, and those with a history of laser treatment or intraocular surgery;
6. The patients combinated with DKD;
7. Patients with other renal conditions that could affect the blood flow, such as urolithiasis, urinary infection, and renal cyst (diameter \> 3 cm);
8. Cholesterol-lowering drugs can not control the blood-fat (TC \> 250 mg/dl, HDL-C \< 30 mg/dL, LDL-C \> 170 mg/dl, TG \> 200 mg/dl) adequately.",https://clinicaltrials.gov/study/NCT02805543
NCT06096935,Exome Evaluation in Patients Living With Diabetes Complicated by Charcot Neuroarthropathy.,COMPLETED,Type 2 Diabetes,,18 Years,70 Years,ALL,"Inclusion Criteria:

* Men or women aged 18 to 70
* with type 2 diabetes for at least one year
* with active or chronic Charcot neuroarthropathy (Group 1) OR
* never had Charcot neuroarthropathy (Group 2)
* Have agreed to participate in the study and have signed an informed consent form.

Exclusion Criteria:

\- Subject under guardianship or curatorship.",https://clinicaltrials.gov/study/NCT06096935
NCT01127308,"A Radiolabeled Mass Balance Study of [14C]-Ertugliflozin (PF04971729, MK-8835) In Healthy Male Participants (MK-8835-038)",COMPLETED,Type 2 Diabetes Mellitus (T2DM),PHASE1,18 Years,55 Years,MALE,"Inclusion Criteria:

* Healthy male participants with Body Mass Index of 17.5 to 30.5 kg/m2 and a total body weight \>50 kg (110 lbs)

Exclusion Criteria:

* Female participants. Participants enrolled in a previous radionucleotide study or who have received radiotherapy or exposed to significant radiation within 12 months prior to screening",https://clinicaltrials.gov/study/NCT01127308
NCT06007508,Early Administration of Insulin Glargine in Patients With Diabetic Ketoacidosis,TERMINATED,DKA,PHASE2,18 Years,,ALL,"Inclusion Criteria:

1. Presented to Regions Hospital ED for chief complaint of DKA, nausea, vomiting, abdominal pain, hyperglycemia, or similar
2. Meets all below diagnostic criteria for DKA per the American Diabetes Association:

   * Arterial or venous pH \</= 7.3
   * Serum Bicarbonate \</= 18 mEq/L
   * Ketonuria or ketonemia
   * Anion Gap \> 10
   * Blood sugar \> 250 mg/dL
3. Receiving IV insulin infusion
4. It is feasible to provide insulin glargine within 2 hours (+/- 30 minutes) of IV infusion start
5. Will be admitted to the ICU for DKA, or already admitted to the ICU for DKA
6. Ability to provide informed consent

Exclusion Criteria:

1. Age \< 18
2. End stage renal disease or hepatic disease
3. Hypotension requiring IV vasopressors or inotropes at any point during admission (i.e. norepinephrine, dobutamine, vasopressin, etc.)
4. Need for emergent surgery
5. Pregnant patients
6. Prisoners
7. Indication for insulin therapy other than DKA (hypertriglyceridemia, beta-blocker overdose, hyperglycemia without DKA)
8. Patients receiving prior to admission insulin pump therapy
9. Patients receiving prior to admission combination insulin products (i.e. Novolin® 70/30, Novolog® 70/30, Humalog® 75/25, etc.)
10. Did not consent to study",https://clinicaltrials.gov/study/NCT06007508
NCT03918525,Diabetes In Sindhi Families In Nagpur (DISFIN),COMPLETED,"Diabetes Mellitus, Type 2",,20 Years,,ALL,"Inclusion Criteria:

1. Resident of Jaripatka or Khamla areas of Nagpur
2. Self-reported Sindhi
3. Age ≥20 years
4. Has given informed consent

Exclusion Criteria:

1. Pregnant or lactating woman
2. Known type 1 diabetes",https://clinicaltrials.gov/study/NCT03918525
NCT05144750,Fruit and Vegetable Prescription in the Community Health Center Setting,COMPLETED,"Diabetes Mellitus; Diabetes Mellitus, Type 2; Poverty",NA,18 Years,,ALL,"Inclusion Criteria:

* Type 2 Diabetes
* Low Income
* Patient of OCH

Exclusion Criteria:

* Under 18
* Does not speak Spanish or English",https://clinicaltrials.gov/study/NCT05144750
NCT01414920,Efficacy and Safety of TAK-875 in Combination With Sitagliptin in Participants With Type 2 Diabetes Mellitus,COMPLETED,"Diabetes Mellitus, Type 2",PHASE2,18 Years,80 Years,ALL,"Inclusion Criteria:

1. In the opinion of the investigator, the participant is capable of understanding and complying with protocol requirements.
2. The participant or, when applicable, the participant's legally acceptable representative signs and dates a written, informed consent form and any required privacy authorization prior to the initiation of any study procedures.
3. The participant has either:

   * A historical diagnosis of Type 2 Diabetes (T2DM) without the chronic use (defined as \>7 days) of anti-diabetic therapy within 8 weeks prior to Screening, and with at least an 8-week documented history of a diet and exercise plan at Screening OR,
   * A historical diagnosis of T2DM and stable on at least 1500 mg per day (or maximum tolerated dose) of metformin as monotherapy for at least 8 weeks at Screening. Participants on a stable dose of metformin who enter the study will continue on the same dose of metformin throughout the duration of the study.
4. The participant is a man or woman and aged 18 to 80 years, inclusive.
5. The participant's body mass index (BMI) (kg/m2) at Screening is ≥23 and ≤45.
6. The participant has an glycosylated hemoglobin (HbA1c) level at Screening between 7.5% and 10.0%, inclusive, if on metformin and between 7.5% to 10.9%, inclusive, if treated with diet and exercise alone.
7. The participant has a fasting plasma glucose level \<14.4 mmol/L (\<260 mg/dL), at Screening.
8. The participant has a fasting C-peptide concentration ≥0.26 nmol/L (≥0.8 ng/mL) at Screening.
9. If the participant takes any chronic, non-excluded medications, the dose of these medications must have been stable (no change in dose or drug) for at least 4 weeks prior to Screening.
10. The participant is able and willing to monitor their glucose levels with a home glucose monitor and consistently record his or her own blood glucose concentrations according to the given instructions.
11. A male participant who is nonsterilized and sexually active with a female partner of childbearing potential agrees to use adequate contraception from signing of informed consent throughout the duration of the study and for 30 days after last dose.
12. A female participant of childbearing potential who is sexually active with a nonsterilized male partner agrees to use routinely adequate contraception from signing of informed consent throughout the duration of the study.
13. A female participant of childbearing potential must have a negative serum human chorionic gonadotropin (HCG) pregnancy test at Screening (Visit 1) and at Placebo Run-in (Visit 2). A negative urine HCG pregnancy test is also required at Randomization (Visit 3), prior to administration of the first dose of double-blind study medication.
14. The participant's compliance with single-blind study medication during the run-in phase is at least 80% and does not exceed 120% based on tablet counts performed by the study staff.

Exclusion Criteria:

1. The participant has received any investigational compound within 4 weeks prior to Screening.
2. The participant has been enrolled in a previous TAK-875 study.
3. The participant is an immediate family member, study site employee, or is in a dependent relationship with a study site employee who is involved in conduct of this study (eg, spouse, parent, child, sibling) or may consent under duress.
4. The participant has a history of hypersensitivity or allergies to TAK-875 or sitagliptin, or their excipients.
5. The participant has a history of drug abuse (defined as any illicit drug use) or a history of alcohol abuse within 2 years prior to the Screening visit.
6. The participant has a history of cancer that has been in remission for \<5 years prior to Screening (a history of basal cell carcinoma or stage 1 squamous cell carcinoma of the skin is allowed).
7. The participant has systolic blood pressure ≥150 mm Hg or diastolic pressure ≥90 mm Hg at Screening (Visit 1) or Baseline (Visit 3) (as confirmed by repeat measurement 30 minutes after initial measurement).
8. The participant has a creatine phosphokinase (CPK) level ≥5x the upper limit of normal (ULN) at Screening.
9. The participant has a hemoglobin level of ≤12 g/dL (120 gm/L) for men and ≤10 g/dL (100 gm/L) for women at Screening.
10. The participant has ALT and/or AST levels ≥2.5x ULN at Screening.
11. The participant has a total bilirubin level \> ULN at Screening.
12. The participant has a serum triglyceride concentration ≥4.5 mmol/L (≥400 mg/dL) at Screening.
13. The participant has an estimated glomerular filtration rate ≤60mL/min using the Modification of Diet in Renal Disease (MDRD) equation at Screening.
14. The participant has a documented history or concurrent signs of uncontrolled (not euthyroid) thyroid disease (eg, autoimmune thyroid diseases such as Graves disease and Hashimoto thyroiditis or active thyroid nodules).
15. The participant has a history of pancreatitis.
16. The participant has a history of laser treatment for proliferative diabetic retinopathy within 6 months prior to Screening.
17. The participant has a history of gastric bypass surgery or has diabetic gastroparesis that in the investigator's opinion is moderate or severe and hence may impair absorption of study medication.
18. The participant has had coronary angioplasty, coronary stent placement, coronary bypass surgery, myocardial infarction, unstable angina pectoris, clinically significant abnormal electrocardiogram (ECG), cerebrovascular accident or transient ischemic attack within 6 months prior or at Screening.
19. The participant has a history of any hemoglobinopathy that may affect determination of HbA1c.
20. The participant has a positive test result for hepatitis B surface antigen and antibody to hepatitis C virus, and/or has known history of human immunodeficiency virus at Screening.
21. The participant has donated or received any blood products within 12 weeks prior to Screening.
22. The participant received medication prior to Screening as listed in the excluded Medications section.
23. If female, the participant is pregnant or lactating or intending to become pregnant before, during, or within 1 month after participating in this study; or intending to donate an ova during such time period.
24. If male, the participant intends to donate sperm during the course of this study or for 30 days thereafter.
25. The participant has any other physical or psychiatric disease or condition that in the judgment of the investigator may affect life expectancy or may make it difficult to successfully manage and follow the participant according to the protocol.",https://clinicaltrials.gov/study/NCT01414920
NCT04142424,"A Study to Understand the Safety, Tolerability, and Activity of Drug in Body Over a Period of Time of AZD2693, in Subjects of Non-Childbearing Potential in Overweight But Otherwise Healthy Subjects, and Healthy Chinese and Japanese Subjects",COMPLETED,Metabolic Disorders; Non-alcoholic Steatohepatitis,PHASE1,18 Years,55 Years,ALL,"Inclusion Criteria:

• Females must have a negative pregnancy test at the Screening Visit and on admission to the Clinical Unit, must not be lactating and must be of non-child-bearing potential, confirmed at the Screening Visit by fulfilling one of the following criteria: A. Postmenopausal defined as amenorrhea for at least 12 months or more following cessation of all exogenous hormonal treatments and follicle-stimulating hormone levels in the postmenopausal range B. Documentation of irreversible surgical sterilization by hysterectomy, bilateral oophorectomy or bilateral salpingectomy but not tubal ligation

* Have a body mass index between 25 and 32 kg/m\^2 for healthy subjects, or between 18 and 32 kg/m\^2 for healthy Japanese and Chinese subjects, and weigh at least 60 kg (or 50 kg for healthy Japanese and Chinese subjects)
* Willing to participate in mandatory retrospective genotyping analysis for PNPLA3 1148M and the provision of blood and buccal swab samples for this analysis
* Willing and able to comply with all required study procedures

Applicable to Japanese and Chinese subjects only:

* A Japanese subject is defined as having both parents and 4 grandparents who are ethnically Japanese. This includes second and third generation Japanese whose parents or grandparents are living in a country other than Japan
* A Chinese subject is defined as having both parents and 4 grandparents who are ethnically Chinese. This includes second and third generation Chinese whose parents or grandparents are living in a country other than China

Exclusion Criteria:

* History of any clinically important disease or disorder which, in the opinion of the Investigator, may either put the subject at risk because of participation in the study, or influence the results or the subject's ability to participate in the study
* History or presence of gastrointestinal, hepatic or renal disease or any other condition known to interfere with absorption, distribution, metabolism or excretion of drugs
* Any clinically important illness, medical/surgical procedure or trauma within 4 weeks of the first administration of IMP
* Any clinically significant cardiovascular event within the last 6 months prior to the Screening Visit
* Any laboratory values with the following deviations at Screening or Day -1:

  1. Alanine aminotransferase \> upper limit of normal (ULN)
  2. Aspartate aminotransferase \> ULN
  3. Creatinine \> ULN
  4. White blood cell count \< lower limit of normal (LLN)
  5. Hemoglobin \< LLN
  6. Platelet count \< LLN
  7. Activated partial thrombin time \> ULN and prothrombin time \> ULN
  8. Estimated glomerular filtration rate (eGFR) \< 90 mL/min/1.73m\^2 calculated using Chronic Kidney Disease Epidemiology Collaboration (CKD-EPI) and applying the standard correction factor for African Americans to the CKD-EPI by multiplying the GFR estimate by 1.159; (eGFR \< 60 mL/min/1.73m\^2 for healthy Japanese and Chinese subjects) and confirmed
  9. Urinary albumin-to-creatinine ratio \> 3 mg/μmol (30 mg/g)
* Any other clinically important abnormalities in clinical chemistry, hematology or urinalysis results, than those described under previous exclusion criterion above, as judged by the Investigator at Screening or Day -1
* Any positive result on Screening for serum hepatitis B surface antigen, hepatitis C antibody and human immunodeficiency virus
* Abnormal vital signs, after 10 minutes supine rest, defined as any of the following at Screening or Day -1:
* Systolic BP \< 90 mmHg or \> 140 mmHg
* Diastolic blood pressure (BP) \< 50 mmHg or \> 90 mmHg
* HR \< 45 or \> 90 bpm
* Any clinically important abnormalities in rhythm, conduction or morphology of the resting electrocardiogram (ECG) and any clinically important abnormalities in the 12-lead ECG as considered by the Investigator that may interfere with the interpretation of QTc interval changes, including abnormal ST-T-wave morphology, particularly in the protocol defined primary lead or left ventricular hypertrophy at Screening or Day -1:
* Prolonged QTcF \> 450 ms
* Shortened QTcF \< 340 ms
* Family history of long QT syndrome
* PR (PQ) interval shortening \< 120 ms (PR \> 110 ms but \< 120 ms is acceptable if there is no evidence of ventricular pre-excitation)
* PR (PQ) interval prolongation intermittent second (Wenckebach block while asleep is not exclusive) or third degree atrioventricular (AV) block, or AV dissociation
* Persistent or intermittent complete bundle branch block, incomplete bundle branch block, or intraventricular conduction delay with QRS \> 110 ms Subjects with QRS \> 110 ms but \< 115 ms are acceptable if there is no evidence of e.g. ventricular hypertrophy or pre-excitation
* Known or suspected history of drug abuse as judged by the Investigator
* Smokers with \> 10 cigarettes/day and unable to comply with the nicotine restrictions during the study
* History of alcohol abuse or excessive intake of alcohol. Definition of excessive intake: an average weekly intake of \>21 drinks/week for men or \>14 drinks/week for women. One drink is equivalent to (14 g alcohol)
* Positive screen for drugs of abuse at Screening or admission to the Clinical Unit or positive screen for alcohol on admission to the Clinical Unit prior to the first administration of the IMP
* History of severe allergy/hypersensitivity or ongoing clinically important allergy/hypersensitivity, as judged by the Investigator or history of hypersensitivity to drugs with a similar chemical structure or class to AZD2693
* Excessive intake of caffeine-containing drinks or food (e.g., coffee, tea, chocolate, Red Bull®-like drinks) as judged by the Investigator
* Use of any prescribed or nonprescribed medication including antacids, analgesics (other than paracetamol/acetaminophen), herbal remedies, mega-dose vitamins (intake of 20 to 600 times the recommended daily dose) and minerals during the 2 weeks prior to the first administration of IMP or longer if the medication has a long half-life
* Plasma donation within one month of the Screening Visit or any blood donation/blood loss \> 500 mL during the 3 months prior to the Screening Visit
* Has received another new chemical entity (defined as a compound which has not been approved for marketing) within 30 days of last follow-up to first administration of IMP or, if known, 5 half-lives from last dose to first administration of IMP, whichever is the longest
* Blood dyscrasias with increased risk of bleeding including Idiopathic Thrombocytopenic Purpura and Thrombotic Thrombocytopenic Purpura or symptoms of increased risk of bleeding (frequent bleeding gums or nose bleeds)
* Involvement of any AstraZeneca or Clinical Unit employee or their close relatives
* Judgment by the Investigator that the subject should not participate in the study if they have any ongoing or recent (i.e., during the Screening period) minor medical complaints that may interfere with the interpretation of study data or are considered unlikely to comply with study procedures, restrictions and requirements
* Subjects who are vegans or have medical dietary restrictions, or who are not willing to comply with the dietary requirements in the study as judged by the Investigator
* Subjects who cannot communicate reliably with the Investigator
* Vulnerable subjects, e.g., kept in detention, protected adults under guardianship, trusteeship, or committed to an institution by governmental or juridical order
* Previous bone marrow transplant
* Non-leukocyte depleted whole blood transfusion within 120 days of the date of the genotyping sample collection
* Males who are unwilling to use an acceptable method of birth control
* Subjects with a significant Coronavirus disease (COVID-19) illness within 6 months of enrollment:

a Subjects with diagnosis of COVID-19 pneumonia based on radiological assessment b Subjects with diagnosis of COVID-19 with significant findings from pulmonary imaging tests c Subjects with diagnosis of COVID-19 requiring hospitalization and/or oxygen supplementation therapy",https://clinicaltrials.gov/study/NCT04142424
NCT05000762,Zinc Supplementation Improves Cardiovascular Morbidity in Patients With Diabetes Mellitus,WITHDRAWN,"Diabetes Mellitus, Type 2; Cardiovascular Diseases",,18 Years,75 Years,ALL,"Inclusion Criteria:

* Only patients with stable type 2 diabetes mellitus or pre-diabetes (HgbA1c between 6% - 9%) and who are otherwise healthy

Exclusion Criteria:

* Pregnant women
* Anyone unable to understand or give informed consent",https://clinicaltrials.gov/study/NCT05000762
NCT02487888,A Study of the Impact of Genetic Testing on Clinical Decision Making and Patient Care,UNKNOWN,"Pain; Chronic Pain; Mental Disorders; Cardiovascular Diseases; Diabetes Mellitus, Type 2; Arthritis",NA,18 Years,,ALL,"Inclusion Criteria:

* Provide signed and dated informed consent form
* Willing to comply with all study procedures and be available for the duration of the study
* Male or Female, at least 18 years of age
* Currently taking or a candidate for medication
* Documented or recent complaint within 90 days with initial date of onset

Exclusion Criteria:

* Severe hepatic or renal disease (where current pharmaceutical dosing is affected and/or requires adjustment of standard dosing prior to PGx testing)
* Significant diminished mental capacity that is unable to understand the protocol, surveys and questionnaires; unable to read/write English or Spanish.
* Recent febrile illness that precludes or delays participation by more than 1 month
* Pregnancy or lactation
* Participation in a clinical study that may interfere with participation in this study
* Anything that would place the individual at increased risk or preclude the individual's full compliance with or completion of the study.",https://clinicaltrials.gov/study/NCT02487888
NCT02745613,Type 2 Diabetes Affect Exercise Induced Improvement in Insulin Sensitivity,COMPLETED,Insulin Sensitivity/Resistance,NA,18 Years,,ALL,"Inclusion Criteria:

* Sedentary/moderately active lifestyle
* Less than 150 minutes/wk. of structured exercise
* Physical activity level ≤ 1.4

Exclusion Criteria:

* Evidence of significant cardiovascular disease
* Screening blood pressure \>140/90
* Pregnancy or breastfeeding
* Use of drugs affecting energy metabolism or body weight
* Excess alcohol, drug abuse, and smoking
* Eating disorder or eating attitudes interfering with study
* Excessively or active individuals
* Unwillingness to abide by randomization
* Injury that prevents the performance of exercise",https://clinicaltrials.gov/study/NCT02745613
NCT05975242,Acceptability & Impact of a Diabetes Management Smartphone App (mySugr) for Spanish-literate Adults With Type 2 Diabetes,COMPLETED,"Diabetes Mellitus, Type 2",NA,18 Years,,ALL,"Inclusion Criteria:

1. Adults ≥ 18 years of age at enrollment
2. Self-reported Hispanic/Latino ethnicity
3. Spanish-literate with Spanish as preferred language
4. Diagnosis of T2D for at least 6 months
5. HbA1c 7.5% - 10%
6. mySugr-compatible smartphone
7. Any glucose lowering therapy except rapid-acting mealtime insulin
8. Residence in Central Coast of California -

Exclusion Criteria:

1\. Type 1 diabetes 2. Use of rapid-acting mealtime insulin 3. Pregnancy 4. Any active clinically significant disease or disorder which in the investigator's opinion could interfere with participation in the study.

\-",https://clinicaltrials.gov/study/NCT05975242
NCT00268541,"Physical Activity, Insulin Resistance and Function of Fat Tissue in the Offspring of Patients With Type 2 Diabetes",COMPLETED,Type 2 Diabetes Mellitus; Cardiovascular Diseases,NA,20 Years,45 Years,FEMALE,"Inclusion Criteria:

* 2 subject groups - 'control' and 'offspring'
* Offspring - at least 1 parent diagnosed with type 2 diabetes before age 65
* Controls - no history of type 2 diabetes in 1st or 2nd degree relatives
* In generally good health
* Non-smoker
* Fasting glucose \< 7 mmol/l
* Blood pressure \<160/90 mm Hg
* No established CHD (e.g. MI, stroke, CABG, PCTA)

Exclusion Criteria:

* Established CHD (e.g. MI, stroke, CABG, PCTA)
* diabetes
* smoking
* hypertension (BP \> 160/90 mmHg)
* pregnancy",https://clinicaltrials.gov/study/NCT00268541
NCT05547594,Prehabilitation in Patients With Cancer and Type 2 Diabetes,UNKNOWN,Cancer; Type 2 Diabetes,NA,18 Years,,ALL,"Inclusion Criteria:

* Capacity to give consent
* Newly diagnosed with cancer
* Non-insulin-dependent Type 2 diabetes
* Awaiting surgery for cancer

Exclusion Criteria:

* Medical contraindication to engage in physical activity",https://clinicaltrials.gov/study/NCT05547594
NCT01013766,"A Study to Evaluate the Safety, Tolerability, Pharmacokinetics, and Pharmacodynamics of GSK1362885 in Type 2 Diabetics",COMPLETED,"Diabetes Mellitus, Type 2",PHASE1,18 Years,65 Years,ALL,"Inclusion Criteria:

A subject will be eligible for inclusion in this study only if all of the following criteria apply:

* A diagnosis of T2DM as determined by a responsible physician based on a medical evaluation including medical history, physical examination, and laboratory tests. Subjects may be entered if they have stable hypertension or hyperlipidemia on therapy. Subjects with other conditions except as noted in Exclusion Criteria may be included only if the Investigator and the GSK medical Monitor agree that the condition is unlikely to introduce additional risk factors and will not interfere with the study procedures.
* Male or female between 18 and 65 years of age, inclusive, at the time of signing the informed consent.
* A female subject is eligible to participate if she is of non-childbearing potential, defined as pre-menopausal females with a documented tubal ligation or hysterectomy; or postmenopausal/premature ovarian failure defined as 12 months of spontaneous amenorrhea. FSH and estradiol levels will be checked at Screening for postmenopausal women. Simultaneous follicle stimulating hormone (FSH) greater than 40 MlU/ml and estradiol less than 40 pg/ml (\<140 pmol/L) is confirmatory.
* BMI within the range 22 to 38 kg/m2 (inclusive).
* T2DM diagnosed at least 3 months prior to Screening with:
* Fasting plasma glucose (FPG) level less than or equal to 250mg/dL at the Screening visit,
* FPG level less than or equal to 270 mg/dL on Day -2
* For subjects taking no antidiabetic medications: HbA1c between 6.5 and 11 percent, inclusive, at Screening visit
* For subjects taking one or two antidiabetic medications: HbA1c between 5.8 and 10 percent, inclusive, at Screening visit
* Subjects must be treating their T2DM using one of the following regimens:
* Diet and exercise therapy
* Metformin as monotherapy
* Sulfonylurea as monotherapy
* Metformin and sulfonylurea in combination, if one or both component(s) is being administered at a dose that is less than the maximum dose
* DPP-IV inhibitors, either as monotherapy, or in combination with other agent(s) on this list, if one or both component(s) is being administered at a dose that is less than the maximum dose
* Exenatide, either as monotherapy or in combination with other agent(s) on this list, if one or both component(s) is being administered at a dose that is less than the maximum dose
* All doses of anti-diabetic medication must have been stable for at least 2 months prior to Screening, and the subject must be willing to wash out from their antidiabetic medications from Day -10 through Day 7.
* Capable of giving written informed consent, which includes compliance with the requirements and restrictions listed in the consent form.

Exclusion Criteria:

A subject will not be eligible for inclusion in this study if any of the following criteria apply:

* Has any of the following laboratory abnormalities:
* Positive pre-study Hepatitis B surface antigen or positive Hepatitis C result within 3 months of screening.
* Positive test for HIV antibody
* History of uncorrected thyroid dysfunction or an abnormal thyroid function test assessed by TSH at Screening. (NOTE: subjects with hypothyroidism on a stable dose of thyroid replacement therapy for at least 3 months prior to Screening and who have a screening thyroid stimulating hormone (TSH) within the normal range may participate.)
* A positive pre-study drug/urine screen. A minimum list of drugs that will be screened for include amphetamines, barbiturates, cocaine, opiates, cannabinoids and benzodiazepines.
* A pre-study urine cotinine screen indicating use of tobacco/ nicotine containing products.
* Subjects with values outside the specified ranges for the following Key Clinical Laboratory Tests must be excluded from the study. Laboratory tests may be repeated once at the discretion of the investigator.
* Liver function tests: ALT, Direct Bilirubin, or Albumin more than 10 percent outside the normal reference range (less than 0.9 x LLN or greater than 1.1 x ULN)
* Electrolytes: Sodium more than 5mEq/L outside the normal reference range, Potassium or Calcium more than 10 percent outside the normal reference range (less than 0.9x LLN or greater than 1.1 x ULN)
* Fasting Total Cholesterol greater than 240mg/dL, or Triglycerides greater than 450mg/dL
* Muscle: CPK greater than 1.5 x ULN
* Hematology: Hemoglobin, WBC, Neutrophils, or Platelets more than 10 percent outside the normal reference range (less than 0.9 x LLN or greater than 1.1 x ULN)
* Significant renal disease as manifested by one or more of the following:
* Creatinine clearance less than 60 mL/min.
* Urine protein/creatinine (mg/mg) ratio greater than 2.5; or urine albumin concentration greater than 300 ug/mg of creatinine.
* Known loss of a kidney either by surgical ablation, injury, or disease
* Other Clinical Laboratory Tests, not listed as a Key Clinical Laboratory Tests in Exclusion Criterion #4, should also be considered by the Investigator in the overall evaluation of a subject's suitability for enrollment in the study.
* Significant ECG abnormalities as defined per protocol
* Resting systolic blood pressure less than 80 mmHg or greater than 150 mmHg or diastolic blood pressure less than 60 mmHg or greater than 95 mmHg at screening. Blood pressure assessments may be repeated once if needed, allowing adequate time for subject to rest.
* Previous use of insulin as a treatment within 3 months of Screening, or for greater than 2 weeks when used for acute illness in the last 12 months prior to Screening, or if used for more than 1 year when associated with GDM.
* Has a history of any of the following conditions:
* Clinically significant symptoms of gastroparesis.
* Cholelithiasis or obstructive or inflammatory gallbladder disease within 3 months prior to Screening.
* Gastrointestinal disease that could affect fat or bile acid absorption, including inflammatory bowel disease, chronic diarrhea, Crohn's or malabsorption syndromes within the past year.
* Gastrointestinal surgery surgery within the past 6 months for laparotomy or past 3 months for laparoscopy including cholecystectomy
* Chronic or acute pancreatitis within the past year.
* History of regular alcohol consumption averaging greater than 7 drinks/week for women or greater than 14 drinks/week for men. 1 drink is equivalent to (12 g alcohol) = 5 ounces (150 mL) of wine or 12 ounces (360 mL) of beer or 1.5 ounces (45 mL) of 80 proof distilled spirits) within 6 months of screening.
* Smoked or used tobacco or nicotine-containing products within the previous 6 months.
* Has participated in a clinical trial and has received a drug or a new chemical entity within 30 days or 5 half-lives, or twice the duration of the biological effect of any drug (whichever is longer) prior to the first dose of current study medication.
* Exposure to more than four new chemical entities within 12 months prior to the first dosing day.
* Is taking prohibited medications. See Section 9 for a detailed list of prohibited medications. Note also:
* The use of anti-diabetic agents other than those listed in Inclusion #6 is reason for exclusion and subjects will not be allowed to wash off of unapproved anti-diabetic medications in order to qualify for participation in this study.
* Subjects must wash out from the following medications during the 10-day period prior to first dose, and must remain off these medications through discharge on Day 7: all antidiabetic medications specified in Inclusion #6, all statin agents, fat absorption blocking agents, and bile acid sequestrants. Fibrates must be washed out for a 14-day period prior to first dose.
* Vitamins, herbal and dietary supplements (including St John's Wort) are prohibited within 7 days or 5 half-lives (whichever is longer) prior to the first dose of study medication and through discharge on Day 7.
* Unwilling to abstain from
* Caffeine-or xanthine-containing products for 24 hours prior to dosing until Day 7
* Use of illicit drugs or nicotine-containing products
* Alcohol for 24 hours prior to dosing until Day 7
* Consumption of red wine, Seville oranges, grapefruit or grapefruit juice from 7 days prior to the first dose of study medication until collection of the final pharmacokinetic blood samples
* History of sensitivity to any of the study medications, or components thereof or a history of drug or other allergy that, in the opinion of the physician responsible, contraindicates their participation. This includes sensitivity to heparin, if heparin will be used to maintain catheter patency.
* Where participation in the study would result in donation of blood in excess of 500 mL within a 56 day period.
* Subject is either an immediate family member of a participating investigator, study coordinator, employee of an investigator; or is a member of the staff conducting the study.
* Unwillingness or inability to follow the procedures outlined in the protocol.
* Individual or family history of glycogen storage disease.",https://clinicaltrials.gov/study/NCT01013766
NCT00544518,Impact of Benfluorex Versus Metformin on Glucose Control and Insulin Secretion in Chinese Type 2 Diabetic Patients,UNKNOWN,Type 2 Diabetes,PHASE2,18 Years,70 Years,ALL,"Inclusion Criteria:

* For inclusion in the study, participants will be；① Antidiabetic drugs naïve Type 2 diabetes mellitus（WHO standard） with diet control more than 2 weeks; ②or diagnosed Type 2 diabetes mellitus with no oral antidiabetic drugs more than 6months; ③or Type 2 diabetes mellitus treated with insulin secretagogues more than 1 month; all patients have HbA1c between 7.0-10.0% and fasting glucose between 7.0mmol/L～13.0mmol/L.
* Ages Eligible for Study: 18 Years --70 Years, Genders:Both
* BMI: 23～40kg/m2
* No using insulin before 3 months
* Consent to do birth control to Women of child-bearing age
* Volunteer to join and sign Information consent form

Exclusion Criteria:

* Patients with ketoacidosis、hyperglycemic hyperosmolar syndrome.
* Patients with severe diabetic complications
* Patient with acute cardiovascular diseases，acute cerebrovascular diseases，with Vitamin B12、folic acid and iron deficiency，with severe trauma or surgery，severe infection diseases.
* Allergy to benfluorex or metformin
* ALT、AST\> 2 times of upper normal limit，Cr\> upper normal limit.
* Having used benfluorex within 3 months before recruiting.
* Patients accepting steroid hormones or malignant tumor treatment
* Patients with drug abuse or bibulous history.
* Patients with severe unconscious low blood glucose history，severe mental illness history and family history
* Severe hypertensive patients（SBP\>160 mmHg，DBP\>95mmHg）
* Patient with pancreas diseases.",https://clinicaltrials.gov/study/NCT00544518
NCT05887180,"PräVaNet - Structured, Intersectoral, Multiprofessional, Digitized Program to Optimize Cardiovascular Prevention",UNKNOWN,Type 2 Diabetes; Arteriosclerosis; Arterial Hypertension; Lipid Metabolism Disorders,NA,18 Years,,ALL,"Inclusion Criteria:

Included are patients who at baseline:

* Are at least 18 years or older
* Living in the German federal states of Berlin or Brandenburg
* Insured by the cooperating German SHI company
* Diagnosed with type 2 diabetes mellitus at least 3 months prior to study entry and who
* Require drug therapy for diabetes mellitus type 2; i.e., received at least 1 oral antidiabetic drug or insulin therapy for at least 3 months prior to study entry; such a need for drug therapy should also exist at the start of the study for the next year and beyond

and

* Fulfill at least one of the following criteria:

  1. metabolic syndrome: 3 of the following 4 criteria: Waist-to-hip ratio (WHR) \> 94 cm/80 cm; triglycerides ≥ 150 md/dl or cholesterol- or lipid-lowering therapy; high density lipoprotein (HDL) \< 40/50 mg/dl or cholesterol- or lipid-lowering therapy; hypertension ≥ 135/85 mmHg or antihypertensive therapy;

     and/or
  2. macrovascular manifestations (coronary artery disease (CAD) and/or peripheral arterial disease (CAD) and/or carotid stenosis)

     and/or
  3. microvascular manifestation (chronic renal failure with estimated glomerular filtration rate (eGFR) \< 60ml/min/1.73m2).

     Exclusion Criteria:

     Patients with at least one of the following characteristics are excluded from participation:
* Chronic disease and, in this context, an anticipated life expectancy of less than 21 months;
* Renal failure requiring dialysis;
* Lipid metabolism disorder and indication for lipid apheresis;
* Mental illness requiring therapy;
* Lack of ability to use E-Health technologies;
* Participation in another intervention study.",https://clinicaltrials.gov/study/NCT05887180
NCT04227379,Diabetes Disparities: Texting to Extend Treatment (DD-TXT),COMPLETED,"Diabetes Mellitus, Type 2",NA,18 Years,,ALL,"Inclusion Criteria:

* Veterans
* Active VHA patients with type 2 diabetes
* Had at least 4 VA outpatient encounters in the previous year
* Have a future appointment scheduled, and not be hospitalized or institutionalized or have participated in texting intervention development
* Have HbA1c lab data (2+ values) in the 12 months prior to RCT recruitment.
* Have inadequate glycemic control for at least 50% of the 6 months before invitation to participate

Exclusion Criteria:

* Non-Veterans
* Not having access to their own or a cohabiting family member's cell phone or smartphone for participation
* Not willing and able to text
* A visual impairment that would prevent them from reading or replying to text messages
* Cognitively incapable of consent to participate (Failure of Short Blessed Test)",https://clinicaltrials.gov/study/NCT04227379
NCT05110703,Study to Assess Safety and Effect of a Prebiotic Fiber Meal Replacement Shake in Individuals With Type 2 Diabetes,COMPLETED,"Diabetes Mellitus, Type 2",NA,18 Years,75 Years,ALL,"Inclusion Criteria:

* Diagnosed with T2D for ≥90 days
* HbA1c of 7.5 to 10.5%, inclusive
* BMI of 27 to 50 kg/m2, inclusive
* Treatment for T2D with lifestyle intervention only (for at least 90 days) or, if using antidiabetic medication(s), treated with a stable daily dose (for at least 90 days) of any of the following agents alone or in any combination: metformin (any formulation), sulfonylurea (e.g., glyburide, glipizide, glimepiride), DPP-4 inhibitor (e.g., sitagliptin, saxagliptin, linagliptin), SGLT-2 inhibitor (e.g., empagliflozin, canagliflozin, dapagliflozin, ertugliflozin), GLP-1 receptor agonists (e.g., liraglutide, semaglutide, dulaglutide)

Exclusion Criteria:

* Have type 1 diabetes or secondary forms of diabetes (e.g., secondary to cystic fibrosis)
* Have a history of severe hypoglycemia or hyperglycemia requiring hospitalization within the prior 6 months
* Have required insulin therapy for the treatment of T2D (with the exception of prior acute, temporary use during a hospitalization and/or for past treatment of gestational diabetes)
* Treatment with any glucose-lowering agent(s) other than those stated in the inclusion criteria during a period of 90 days prior to screening
* Receiving chronic oral steroid therapy (excluding those for skin, eyes, nose, or inhaled) or have received such therapy within 1 month of screening
* Female who is pregnant, breastfeeding or intends to become pregnant during the course of the study
* Participation in a clinical research trial within 30 days prior to screening
* Food allergies to ingredients in the shake including but not limited to milk protein allergy
* Ankylosing spondylitis
* Crohn's disease
* Celiac disease
* Cardiovascular (CV) conditions within 2 months prior to screening: acute myocardial infarction, cerebrovascular accident (stroke), or hospitalization due to congestive heart failure (CHF)
* Other gastrointestinal conditions which in the investigator's opinion may jeopardize the individual's safety or interfere with the ability to comply with the study.
* Gastrointestinal surgeries such as those for weight loss, large bowel resection or small bowel resection which in the investigator's opinion may jeopardize the individual's safety or interfere with the ability to comply with the study.
* Have a history of any other condition such as known drug, alcohol abuse, or psychiatric disorder which in the investigator's opinion may jeopardize the individual's safety or interfere with the ability to comply with the study.
* Any disorder, unwillingness or inability, which in the investigator's opinion, might jeopardize the individual's safety or interfere with the ability to comply with the study.",https://clinicaltrials.gov/study/NCT05110703
NCT01377961,Effect of Lycopene and Isoflavones on Glucose Metabolism,WITHDRAWN,"Metabolic Syndrome; Diabetes Mellitus, Non-Insulin-Dependent",NA,18 Years,75 Years,ALL,"Study group 1( arm 1 ::metabolic syndrome group).

Inclusion criteria:

* Age 18-75 years
* Metabolic Syndrome (IDF criteria)
* Stable dose of medications for \> 90 days

Exclusion criteria:

* Pharmacological therapy for diabetes
* Flood allergies, especially to Whey protein, soy or tomato.
* Pregnancy

Study group 2( Arm 2:: Diabetes mellitus patients group).

Inclusion criteria:

* 18-75 years of age
* Type 2 diabetes (diagnosed with ADA criteria: fasting plasma glucose \> 125 mg/dL)
* Stable dose of medications for \> 90 days
* Patients on diet/exercise, metformin, DD4 inhibitors (sitagliptin and saxagliptin) and /or sulphonylurea for \> 90 days

Exclusion criteria:

* HbA1c above 9.5% or below 7.5% in last 3 months
* TZD therapy for diabetes
* Insulin therapy for diabetes
* Flood allergies, especially to Whey protein, soy or tomato
* Pregnancy",https://clinicaltrials.gov/study/NCT01377961
NCT01820273,Changes in Incretins Response and Glycemic Control After Gastric Bypass Surgery in Type 2 Diabetic Patients Versus Healthy,WITHDRAWN,Type 2 Diabetes; Obesity,,18 Years,50 Years,FEMALE,"Inclusion Criteria:

* clinical diagnosis of type 2 diabetes
* obesity BMI \>35

Exclusion Criteria:

* prior bariatric surgery",https://clinicaltrials.gov/study/NCT01820273
NCT01934673,"A Cross-Sectional Survey to Evaluate Diabetes Management, Control, Complications, Psychosocial Aspects of Patients With Type 2 Diabetes in Malaysia",COMPLETED,"Diabetes; Diabetes Mellitus, Type 2",,18 Years,,ALL,"Inclusion Criteria:

* People with type 2 diabetes mellitus (DM) who are being treated, with any of the non-pharmacological or pharmacological options, at a particular centre for at least 2 years and who have visited the centre within the last 3-6 months
* Patients willing to sign informed consent form

Exclusion Criteria:

* Previous participation in this study
* Unable to comply with protocol requirements
* Confirmed or suspected pregnancy",https://clinicaltrials.gov/study/NCT01934673
NCT01531569,Single Oral Dose of BeneFlax to Healthy Young and Older Adults,COMPLETED,"Diabetes Mellitus, Type 2; Hypercholesterolemia",PHASE2,18 Years,80 Years,ALL,"Inclusion Criteria:

* Healthy adults: 18-45 and 60-80 years of age

Exclusion Criteria:

* Strict vegetarians and vegans (as these diets likely contain foods which have higher levels of lignans)
* Strict vegetarians and vegans (as these diets likely contain foods which have higher levels of lignans)
* Individuals who smoke
* Individuals who have experienced diarrhea in the last three months
* Individuals who have taken oral antibiotics in the last three months
* Individuals who are currently taking warfarin or any of its derivatives
* Individuals with low haemoglobin (\<121g/L for women and \<137g/L for men)
* Individuals with BMI under 19 or over 28
* Pregnant or lactating women
* Women with child bearing potential not using contraceptives
* Current diagnosis of a bleeding disorder or at risk of bleeding
* Individuals with gastrointestinal problems (such as ulcers), or convulsive, depressive, or hepatic disorders
* Individuals with diabetes mellitus
* Individuals currently taking a flax seed supplement
* Individuals with an allergy to flax seed
* Individuals who have donated blood or lost \> 450 mL of blood within 56 days of study duration
* Individuals who have participated in any other clinical trial with and investigational agent within one month of starting this trial",https://clinicaltrials.gov/study/NCT01531569
NCT01638780,Resveratrol and Type 2 Diabetes,UNKNOWN,Type 2 Diabetes,NA,40 Years,70 Years,MALE,"Inclusion Criteria:

* Male sex
* Age: 40-70 years
* Body fat percentage \> 25, BMI 27-35 kg/m2
* Diagnosed with type 2 diabetes at least one year before the start of the study
* Well-controlled type 2 diabetics: HBA1C \< 8.0%
* Oral glucose lowering medication (metformin only or in combination with sulfonylurea agents)
* Sedentary

  * Not more than 2 hours of sports a week
  * No active job that requires strenuous physical activity
* Stable dietary habits
* Willingness to abstain from resveratrol-containing food products

Exclusion Criteria:

* Unstable body weight (weight gain or loss \> 3kg in the last three months)
* Total body fat percentage \< 25%
* Hemoglobin \< 7.8 mmol/l
* Use of anticoagulants
* Engagement in programmed exercise \> 2 hours total per week
* Impaired kidney and/or hepatic function Creatinine 50-100 umol/L Liver enzymes, within 2 times of normal range of laboratory standard (ASAT \< 60 U/L, ALAT \< 70 U/L, Billi \<40 umol/L, gamma-GT \< 80 U/L)
* No diabetes related co-morbidities like cardiovascular diseases, diabetic foot, polyneuropathy, retinopathy
* Insulin dependent Diabetic subjects
* Any medical condition except type 2 diabetes mellitus requiring treatment and/or medication use except metformin only or in combination with sulfonylurea agents
* Intake of dietary supplements except multivitamins and minerals
* Current alcohol consumption \> 20 grams/day
* Subjects who don't want to be informed about unexpected medical findings during the screening /study, or do not wish that their physician is informed, cannot participate in the study.
* Participation in another biomedical study within 1 month before the first screening visit
* Any contraindication to MRI scanning. These contra-indications include patients with following devices:

  * Central nervous system aneurysm clip
  * Implanted neural stimulator
  * Implanted cardiac pacemaker of defibrillator
  * Cochlear implant
  * Insulin pump
  * Or metal containing corpora aliena in the eye or brains",https://clinicaltrials.gov/study/NCT01638780
NCT02506296,"Glucose Response, Excursions And Treatment (GREAT) Study",COMPLETED,Type 2 Diabetes,NA,35 Years,,ALL,"Inclusion Criteria:

Clinical diagnosis of type 2 diabetes Diagnosis of diabetes ≥ age 35 Treated with insulin Time from diagnosis to requiring insulin therapy of ≥36 months HbA1c ≥53mmol/mol (7%) and ≤100mmol/mol (11.3%)

Presence or absence of severe endogenous insulin deficiency:

* Severe deficiency = fasting blood C-peptide ≤0.08nmol/L or stimulated C-peptide ≤0.2nmol/L or post meal urine C-peptide creatinine ratio ≤0.2nmol/mmol
* Retained endogenous insulin secretion = fasting blood C-peptide ≥0.25nmol/L or stimulated C-peptide ≥0.6nmol/L or post meal urine C-peptide creatinine ratio ≥0.6nmol/mmol

Exclusion Criteria:

Pregnancy or breastfeeding Moderate renal impairment (EGFR\<30 mls/min/1.73m2) Hepatic impairment (ALT \>3 times upper limit of the normal range) Concurrent treatment with GLP-1 receptor analogue or DPPIV inhibitor glucose-lowering therapy.

Planned changes to glucose lowering therapy during the study duration Unable to self-monitor blood glucose Unable to give informed consent",https://clinicaltrials.gov/study/NCT02506296
NCT03462069,Comparison of Pharmacodynamic Effects of Sotagliflozin and Empagliflozin in T2DM Patients With Mild to Moderate Hypertension,COMPLETED,Diabetes Mellitus,PHASE2,18 Years,74 Years,ALL,"Inclusion criteria :

* Male or female patients with Type 2 Diabetes Mellitus (T2DM) (diagnosed at least 1 year before screening visit), between 18 and 74 years of age, inclusive, with:

  * Hypertension grades 1 or 2 as defined by the European Society of Hypertension (ESH)/European Society of Cardiology (ESC) at screening; systolic blood pressure (SBP) has to be in the range of 140-179 mmHg (after 10 minutes resting in supine position, measurement in triplicate with each measurement to be within this range at screening). If the blood pressure (BP) range is not met at screening, one repeat measurement at another occasion is allowed prior to inclusion into the study.
  * Glycated Haemoglobin A1c (HbA1c) at screening between 6.5% and 11%.
* On a stable treatment with metformin, i.e., no change in dose regimen or in dose levels in the last 3 months prior to screening and throughout the study.
* On a stable treatment with an angiotensin converting enzyme (ACE) inhibitor or an angiotensin receptor blocker, i.e., no change in dose regimen or in dose levels in the last 4 weeks prior to screening and until randomization.
* On a stable treatment with an ACE inhibitor or an angiotensin receptor blocker after switching from beta-blockers and/or thiazides for eligible patients after screening, i.e., no change in dose regimen and in dose levels in the last 4 weeks prior to run-in phase and until randomization
* Body weight between 50.0 kg and 130 kg, inclusive, if male, and between 40.0 kg and 110 kg, inclusive, if female, body mass index between 18.0 and 38.0 kg/m2, inclusive.
* Kidney function: Estimated glomerular filtration rate at screening must be 60 mL/min/1.73m2 or higher.

Exclusion criteria:

* Patients with severe anemia, severe cardiovascular, gastrointestinal, respiratory, neurological, osteomuscular, psychiatric, or active malignant tumor or other major systemic disease or patients with infectious disease, signs of acute illness, or short life expectancy making implementation of the protocol or interpretation of the study results difficult (as evaluated by detailed medical history and complete physical and laboratory examination).
* Heart failure New York Heart Association (NYHA) Classification III/IV.
* Any clinically significant abnormality in echocardiography performed at screening as judged by the investigator based on age, gender and medical history of the individual patient.
* History of myocardial infarction within the last 12 months prior to screening.
* Likelihood of requiring treatment during the study period with drugs not permitted by the study protocol (e.g., long-term systemic glucocorticoids) and refusing or unable to take alternative treatment.
* Type 1 diabetes mellitus.
* Secondary hypertension of any etiology (eg, renovascular disease, pheochromocytoma, Cushing's syndrome).
* Clinically significant pulmonary hypertension, in particular World Health Organisation (WHO) Classes IV (Pulmonary hypertension due to chronic thrombotic and/or embolic disease \[CTEPH\]) and V (miscellaneous).
* Diabetic retinopathy.
* History of diabetic ketoacidosis or non-ketotic hyperosmolar coma within 12 weeks prior to the Screening Visit.
* History of severe hypoglycemia resulting in hospitalization or unconsciousness/seizures within 6 months prior to the Screening visit.
* History of prior gastric or intestinal surgical procedure including gastric banding within 3 years before the Screening Visit. Any gastrointestinal surgery with removal of part of the bowels or the stomach
* History of unexplained pancreatitis, chronic pancreatitis, stomach/gastric surgery, inflammatory bowel disease.
* Known hypersensitivity to sotagliflozin, empagliflozin or any excipient of the drug products.

The above information is not intended to contain all considerations relevant to a patient's potential participation in a clinical trial.",https://clinicaltrials.gov/study/NCT03462069
NCT01802541,"Effect of Diacylglycerol Oil on Risk Factors of Type 2 Diabetes and Complicating Disease, and Mechanism",COMPLETED,Insulin Sensitivity; Type 2 Diabetes; Cardiovascular Disease,NA,40 Years,70 Years,ALL,"Inclusion Criteria:

1. Type 2 diabetic patients, blood sugar levels were stabilized between 7.0-10.0 mmol/L
2. Male, aged 40 - 70 years old, Female, aged post-menopausal - 70 years old.
3. Overweight/obese patients (BMI 25 - 40 kg/m2)
4. Currently under diet therapy for diabetes mellitus
5. Understands the procedures and willing to participate in the study

Exclusion Criteria:

1. Patients who unwilling to give informed consent
2. Type 1 diabetic patients
3. Familial hyperlipemia patients or blood triacylglycerol concentration \> 400 mg/dl
4. Patients with a history of cardiovascular disease and/or arteriosclerotic disease
5. Patients with a history of cerebrovascular disease
6. Patients with serious hepatic disease and/or renal disease
7. Patients with malignancy
8. Participation in another clinical study within 30 days prior to screening period.
9. Has a condition the doctor in charge believes would interfere with evaluation of the subject, or may put subject at undue risk",https://clinicaltrials.gov/study/NCT01802541
NCT03144505,Comparing Moderate and High-intensity Interval Training Protocols on Biomarkers in Type 2 Diabetes Patients,COMPLETED,Type 2 Diabetes,NA,30 Years,75 Years,ALL,"Inclusion Criteria:

* Men and women diagnosed with type 2 diabetes
* 30-75 years of age
* BMI \< 48 kg/m2

Exclusion Criteria:

* Documented cardiovascular disease
* Advanced neuropathy or retinopathy
* Physical health condition that may interfere with study's protocols or exercising safety",https://clinicaltrials.gov/study/NCT03144505
NCT01281605,Comparison of Two Titration Programs of Adding Insulin Detemir to OADs in Poorly Controlled Type 2 Diabetes,COMPLETED,Type 2 Diabetes,NA,20 Years,,ALL,"Inclusion Criteria:

Patients must meet all of the following criteria:

1. Men and women with type 2 diabetes.
2. 20 years of age.
3. Patients who have received stable doses of any OADs for at least 10 weeks prior to the screening visit.
4. Patients with inadequate glycemic control (HbA1C \>=7% and \< 11%).
5. Patients who are willing and able to cooperate with study and give signed informed consent.

Exclusion Criteria:

1. Patients with type 1 diabetes.
2. Renal dialysis patients.
3. History of hypoglycemia unawareness.
4. Patients who had received any insulin for more than 2 weeks or who have received insulin treatment within 4 weeks prior to screening visit.
5. Patients who have received any investigational products (drug and device) within 4 weeks prior to screening visit.
6. Patients hypersensitive with insulin detemir or its excipients.
7. Patients who are currently pregnant/lactating,or who are preparing for pregnancy or lactation.",https://clinicaltrials.gov/study/NCT01281605
NCT06666205,Carbohydrate Quality and Its Impact on Sleep and Depression in Type 2 Diabetes,COMPLETED,Type 2 DM,,19 Years,64 Years,ALL,"Inclusion Criteria:

* Patients aged 19 to 64 years
* Diagnosed with Type 2 diabetes mellitus
* Voluntary participation

Exclusion Criteria:

* Patients with cancer
* Pregnant and lactating women
* Individuals with alcohol or drug addiction
* Individuals diagnosed with psychiatric or neurological disorders",https://clinicaltrials.gov/study/NCT06666205
NCT05633810,COLchicine and Non-enteric Coated Aspirin in the Cardiovascular Outcomes Trial of Patients With Type 2 Diabetes,RECRUITING,Diabete Type 2; Cardiovascular Diseases,PHASE3,55 Years,80 Years,ALL,"Inclusion Criteria:

1. Men and women aged 55 to 80 years
2. Type 2 diabetes treated as per national guidelines
3. No previous history of coronary artery disease-related clinical event
4. And at least one of the following:

   1. Duration of diabetes of 5 years or more,
   2. HbA1c ≥ 8.0% or more in the last 2 years
   3. Active cigarette smoking,
   4. High hs-CRP (\> 2.0 mg/L),
   5. High coronary calcium score (Agatston score \>100),
   6. High TG-levels (≥1.7 mmol/L) despite lipid lowering therapy administered as per guidelines,
   7. High LDL-C levels (≥3.5 mmol/L) or high non-HDL-C levels (≥4.2 mmol/L) despite lipid lowering therapy administered as per guidelines
   8. High Apo-B (≥1.05 g/L)
   9. Reduced HDL-C (\<1.05 mmol/L in men, \<1.3 mmol/L in women),
   10. Lp(a) \>50 mg/dL,
   11. Peripheral artery disease with stenosis ≥50% or prior revascularization,
   12. Cerebrovascular disease with stenosis ≥50% or prior revascularization,
   13. Diabetic retinopathy or diabetic neuropathy,
   14. Mild or moderate proteinuria (dipstick analysis) or micro-albuminuria
5. Women of childbearing potential must have a negative urine pregnancy test at screening/randomization visit 1 and must agree to use an effective method of birth control throughout the study. Acceptable means of birth control include: oral contraceptives, implantable contraceptives, injectable contraceptives, transdermal contraceptives, intrauterine devices, male or female condoms with spermicide, abstinence, or a sterile sexual partner.

   Women are considered not of childbearing potential if they either:
   1. Have had a hysterectomy or tubal ligation prior to baseline visit or
   2. Are postmenopausal defined as no menses for 12 months or a FSH level (if available) in the menopausal range.
6. Patients with the capacity to provide informed consent.

Exclusion Criteria:

1. Any prior history of myocardial infarction, angina, coronary revascularization, coronary stenosis \>30%, stroke, transient ischemic attack, or known heart failure
2. Known chronic renal insufficiency defined as an estimated glomerular filtration rate (eGFR), using the MDRD equation, of \< 35 mL/min/1.73m2
3. History of cancer or lymphoproliferative disease within the last 3 years other than a successfully treated non-metastatic cutaneous squamous cell or basal cell carcinoma and/or localized carcinoma in situ of the cervix and/or low-grade prostate cancer
4. Inflammatory bowel disease (Crohn's disease or ulcerative colitis) or chronic diarrhea
5. Peptic ulcer diagnosed within the last 24 months or previous gastro-intestinal bleeding, except for mild hemorrhoidal bleeding more than 5 years ago which is permitted (patients meeting this exclusion criterion will not be randomized to receive aspirin or placebo but can be randomized to receive colchicine or placebo)
6. Pre-existent progressive neuromuscular disease or known CPK level \> 3 times the upper limit of normal as measured within the past 30 days and determined to be non-transient through repeat testing
7. Any of the following known parameters as measured within the past 90 days, and determined to be non-transient through repeat testing:

   1. hemoglobin \< 100 g/L
   2. 2\. white blood cell count \< 3.0 X 10⁹/L
   3. platelet count \<110 X 10⁹/L
   4. ALT \> 3 times the upper limit of normal (ULN)
   5. total bilirubin \> 2 times ULN (unless due to Gilbert syndrome, which is allowed)
8. History of cirrhosis, chronic active hepatitis or severe hepatic disease
9. Female patient who is pregnant, or breast-feeding or is considering becoming pregnant during the study or for 6 months after the last dose of study medication
10. History of clinically significant drug or alcohol abuse in the last year
11. Patient is currently using or plans to begin chronic systemic steroid therapy (oral or intravenous) during the study (topical or inhaled steroids are allowed, as well as replacement corticosteroids for adrenal insufficiency)
12. Current chronic treatment with aspirin or another antiplatelet agent (patients meeting this exclusion criterion will not be randomized to receive aspirin or placebo but can be randomized to receive colchicine or placebo)
13. Chronic treatment with an anticoagulant agent (patients meeting this exclusion criterion will not be randomized to receive aspirin or placebo but can be randomized to receive colchicine or placebo)
14. Current use of colchicine for other indications (mainly chronic indications consisting of Familial Mediterranean Fever or gout); there is no wash-out period required for patients who have been treated with colchicine and stopped treatment prior to enrolment
15. History of an allergic reaction or significant sensitivity to colchicine
16. History of an allergic reaction or significant sensitivity to aspirin (patients meeting this exclusion criterion will not be randomized to receive aspirin or placebo but can be randomized to receive colchicine or placebo)
17. Chronic treatment with an anti-inflammatory agent (for example, anti-TNF-alpha or nonsteroidal anti-inflammatory drug (NSAID))
18. Use of an investigational chemical agent less than 30 days or 5 half-lives prior to the screening visit (whichever is longer)
19. Patient is considered by the investigator, for any reason, to be an unsuitable candidate for the study.",https://clinicaltrials.gov/study/NCT05633810
NCT01599442,Register for Patients With Diabetic Foot Syndrome and Critical Limb Ischemia,TERMINATED,Type 2 Diabetes Mellitus; Diabetic Foot; Critical Limb Ischemia,,18 Years,,ALL,"Inclusion Criteria:

* diabetic patients with dfs and critical limb ischemia
* age 18 and older

Exclusion Criteria:

* less than 1 year life expectancy
* prior major amputation
* planned major expectation
* prior treatment of the current episode of dfs with urokinase
* mechanical heart valve replacement
* cerebral event with changes in CT during the last three months
* non-remediated proliferating retinopathy
* uncontrolled hypertension (systolic \> 180 mmHg, diastolic \> 100 mmHg)
* hemorrhagic diathesis (spontaneous quick value \< 50%, spontaneous ptt \> 40 sec, thrombocytes \< 100 gpt/l)
* acute gastrointestinal bleeding or ulcers during the last 4 weeks
* prior reverse bypass operation
* concomitant participation in other clinical trials
* insufficient compliance
* premenopausal women not using a safe method of contraception (i. e. IUD, hormone implants, hormone depot injection, combined pill (estrogens and gestagens), vaginal ring or vasectomized partner).",https://clinicaltrials.gov/study/NCT01599442
NCT06068686,Vildagliptin Versus Glimepiride in Type 2 Diabetic Patients,COMPLETED,Type 2 Diabetes,NA,35 Years,80 Years,ALL,"Inclusion criteria

• 70 uncontrolled adult patients with Type II-diabetes mellitus

Exclusion criteria

* Hepatic impairment.
* Active malignancy.
* Planned surgical intervention.
* Any signs of hypersensitivity or contraindication to study drugs developed.
* Addition of any anti-diabetic medications or insulin during follows up.
* Chronic inflammatory disease (i.e. inflammatory bowel disease, lupus, inflammatory arthritis, rheumatoid arthritis) or chronic infection (i.e. chronic diabetic foot infection).
* Pregnancy, lactation or child-bearing potential.
* Cardiac disease.
* Renal impairment.
* History of T1DM, SIAD, or diabetes insipidus.
* Therapy with any diuretic or a medication affecting the RAAS.",https://clinicaltrials.gov/study/NCT06068686
NCT01085773,Effects of Nordic Walking and Exercise on Glucose Metabolism in Type 2 Diabetes Mellitus: A Randomized Controlled Trial,COMPLETED,Type 2 Diabetes; Exercise,PHASE2,20 Years,80 Years,ALL,"Inclusion Criteria:

* Type 2 Diabetes for more than one year,
* HbA1c in the range of 7-10 %,
* BMI \> 25 kg/m2,
* Age 25-80 years
* Stable antidiabetic treatment for at least 3 month before inclusion.

Exclusion Criteria:

* Participants with symptomatic heart disease (NYHA 2-4)
* Ischemia in lower extremities,
* Myocardial infarction within the previous 3 months
* Lung disease",https://clinicaltrials.gov/study/NCT01085773
NCT04340648,"Measurement Algorithm Control, Optimization, and Performance Evaluation of the Vital USA GlucoseDetect",COMPLETED,Diabetes Mellitus,NA,18 Years,99 Years,ALL,"Inclusion Criteria:

* Type 1 or Type 2 diabetic or healthy subject (50 % from each)
* Subjects who are able to complete informed consent form (by him/herself or by his/her guardian);
* 18 years old and above;
* Anatomically suitable finger in discretion of the investigator

Exclusion Criteria:

* Does not meet inclusion criteria;
* Any conditions that may hamper good visual contact between the finger or wrist and sensor, such as raised birthmarks, scars, tattoos;
* Pregnancy;
* Nursing mothers;
* Any skin scratch(es), damage, over dry, long nails on the measured finger;
* Unsuitable finger with the device might be excluded if recognized during the trial;
* Medication containing nitrates",https://clinicaltrials.gov/study/NCT04340648
NCT00097955,"Safety and Efficacy of Aliskiren When Added to Standardized Losartan and Optimal Antihypertensive Therapy in Patients With Hypertension, Type 2 Diabetes and Proteinuria",COMPLETED,Diabetic Nephropathy,PHASE2,18 Years,80 Years,ALL,"Inclusion Criteria:

* Hypertension
* Elevated urinary protein levels
* Confirmed type 2 diabetes

Exclusion Criteria:

* Certain diseases
* Uncontrolled diabetes
* Type 1 diabetes",https://clinicaltrials.gov/study/NCT00097955
NCT05420051,Boosting Emotional Well-being and Happiness in Outpatients Living With Diabetes,RECRUITING,"Diabetes Mellitus, Type 2",NA,18 Years,,ALL,"Inclusion Criteria:

* Diagnosis of Type 2 Diabetes
* Low physical activity (\<150 minutes/week of moderate to vigorous physical activity)

Exclusion Criteria:

* Cognitive deficits impeding a participant's ability to provide informed consent or participate
* Medical conditions likely to lead to death within 6 months.
* Pre-existing coronary artery disease
* Moderate-severe depression (Patient Health Questionnaire-9 \[PHQ-9\] score ≥15)
* Use of non-basal insulin
* Inability to participate in physical activity due to another medical condition
* Inability to receive text messages
* Inability to read, write, or speak in English
* Current participation in another intervention or program that has been designed to promote well-being or physical activity",https://clinicaltrials.gov/study/NCT05420051
NCT02528019,Metabolic and Cardiovascular Effects of Dipeptidyl Peptidase-4 (DPP-4) or Sodium-glucose Co-transporter Type 2 (SGLT2) Inhibitors,UNKNOWN,Effects of the DPP-4 Inhibitors or SGLT2 Inhibitors on the Protective Actions for Diabetic Complications,PHASE4,30 Years,90 Years,ALL,"Inclusion Criteria:

* Clinical diagnosis of type 2 diabetic patients
* Must be able to swallow tablets
* never received DPP-4 inhibitors or SGLT2 inhibitors

Exclusion Criteria:

* uncontrolled diabetes (fasting plasma glucose\>200 mg/dL)
* receiving insulin therapy
* hepatic disorders (2.5 fold or greater increases in aspartate transaminase or alanine transaminase levels above the upper limits of normal)
* inflammatory disorders
* neoplastic disorders
* recent (\<3months) acute coronary syndrome and stroke
* any acute infection",https://clinicaltrials.gov/study/NCT02528019
NCT00529165,The Necessity of an Injection-Meal-Interval in Patients With Type 2 Diabetes Mellitus and Therapy With Human Insulin,COMPLETED,Diabetes Mellitus Type 2,NA,40 Years,80 Years,ALL,"Inclusion Criteria:

* Type 2 diabetes mellitus
* Aged 40 - 80 years
* Therapy with human insulin

Exclusion Criteria:

* Pregnancy
* Nutrition disorders
* Psychological disease
* Body Mass Index (BMI) less than 25 kg/m\^2
* HbA1c greater than 9%",https://clinicaltrials.gov/study/NCT00529165
NCT06658067,Continuous Glucose Monitors (CGMs) for All: Studying the Impact of Expanding CGM Access,RECRUITING,Diabetes; Type 2 Diabetes; Type 2 Diabetes Mellitus - Poor Control,NA,18 Years,,ALL,"Inclusion Criteria:

* Provision of signed and dated informed consent form
* Stated willingness to comply with all study procedures and availability for the duration of the study
* Diagnosed with type 2 diabetes mellitus
* A1c greater than or equal to 8.0 within two weeks of the time of enrollment
* On insulin for at least one year +/- other antihyperglycemics
* Ability and willingness to wear CGM for 14-day periods throughout the trial period
* Ability and willingness to comply with provider-directed adjustments to medication regimen
* Inability to afford CGM sensors

A note on Vulnerable Populations: Many of FHCHC's patients are economically disadvantaged and of minority backgrounds; the clinic's patient base may be considered to constitute a vulnerable population. As such, recruitment and enrollment will be conducted within a vulnerable population. The nature of the study requires this, and the results are intended to directly benefit this population through the potential for improved glycemic control and quality of life.

Exclusion Criteria:

* Insulin naïve
* Diabetic ketoacidosis (DKA) in previous 6 months
* End-Stage Renal Disease (ESRD)
* Contraindications to CGM use
* Active insurance plan that would provide enough of a subsidy for participant to feasibly purchase CGM sensors
* Pregnancy",https://clinicaltrials.gov/study/NCT06658067
NCT05244200,Effect of Insulin Staging in the Context of Pharmaceutical Care on Patients With Type 2 Diabetes Mellitus,UNKNOWN,Type 2 Diabetes Mellitus,NA,,,ALL,"Inclusion Criteria:

* T2DM patients.
* Patients must be on insulin therapy
* Willing to participate in the study

Exclusion Criteria:

* T1DM
* T2DM patients whose not on insulin therapy
* Patients that have disabilities that interfere with compliances towards medications",https://clinicaltrials.gov/study/NCT05244200
NCT03014011,Effects of Mild Hypoglycaemia on Cognitive Function in Type 2 Diabetes,COMPLETED,"Diabetes Mellitus, Type II; Hypoglycemia; Cognitive Change",NA,35 Years,70 Years,ALL,"Inclusion Criteria:

* Informed and written consent
* Clinically diagnosed type 2 diabetes mellitus for at least 3 months (diagnosed according to the criteria of the World Health Organization (WHO)).
* Normal haemoglobin ≥ 8.0 mmol/L (male) or ≥ 6.4 mmol/L (female)
* Male or female participants aged 35-70 years, both inclusive.
* Treated with diet or any antidiabetic medication except sulfonylureas, meglitinides or insulin.
* HbA1c ≤ 9.0 % by local laboratory analysis.
* BMI \>23 kg/m2 and \<35 kg/m2

Exclusion Criteria:

* Receipt of any investigational medicinal product within 3 months before screening in this trial.
* Liver disease (alanine aminotransferase (ALAT) and/or serum aspartate aminotransferase (ASAT) \>2 times normal values) or history of hepatobiliary disorder.
* Nephropathy (serum creatinine levels ≥ 126 μmol/L (male) or ≥ 111 μmol/L (female)).
* Cardiac problems defined as decompensated heart failure (New York Heart Association (NYHA) class III and IV) at any time and/or angina pectoris within the last 12 months and/or acute myocardial infarction at any time.
* Active or recent malignant disease.
* Treatment with drugs that cannot be paused for 12 hours.
* Repeated resting blood pressure at screening outside the range 90-140 mmHg for systolic or 50-90 mmHg for diastolic. This exclusion criterion also pertains to subjects taking antihypertensives.
* Visual impairment or auditory impairment.
* Known abnormalities of the central nervous system or any endocrinological (with the exception of diabetes mellitus and euthyroid goiter), haematological, neurological, psychiatric diseases or other major disorders that in the opinion of the investigator precludes compliance with the protocol, evaluation of the results or represent an unacceptable risk for the participant's safety.
* Proliferative retinopathy (funduscopy performed within 3 months before the screening is acceptable) and/or severe neuropathy.
* Current treatment with systemic drugs, which may interfere with glucose metabolism.
* Significant history of alcoholism or drug/chemical abuse as per investigator's judgement.
* Current tobacco user (smoking or nicotinic product use 3 months prior to screening).
* Severe hypoglycaemic event during the past 6 months.
* Known hypoglycaemia unawareness.
* Participants with mental incapacity or language barriers precluding adequate understanding or co-operation or who, in the opinion of the investigator or their general practitioner, should not participate in the trial.
* For females only: Pregnancy, breast-feeding status or intention of becoming pregnant during the trial.
* Any chronic disorder or severe disease that in the opinion of the investigator might endanger participant's safety or compliance with the protocol.",https://clinicaltrials.gov/study/NCT03014011
NCT07032844,Advancing Diabetes Management for People With Physical Disabilities Optimally Through Primary Care-Based Telehealth (ADDOPT),RECRUITING,Type 2 Diabetes,NA,18 Years,89 Years,ALL,"Inclusion Criteria:

1. Physical Disability
2. Diagnosed with Type 2 Diabetes
3. Hemoglobin A1c ≥7% within 3 months of screening
4. Must have at least 1 additional chronic conditions from the list below Hypertension Congestive Heart Failure Coronary Artery Disease Hyperlipidemia Stroke Arthritis Asthma Cancer Chronic Kidney Disease (Stages 1-4) COPD Osteoporosis Multiple Sclerosis Parkinsons

Exclusion Criteria:

1. Intellectual, Learning, Developmental Disabilities
2. Non-english speakers
3. Currently pregnant
4. Significant vision loss preventing use of phone/tablet for interventions
5. Received Remote Patient Monitoring or Digital Health Coaching for T2DM management within 30 days of enrollment
6. End-stage kidney disease (on dialysis)
7. Does not report having a physical disability
8. Perceived unwillingness or inability to participate",https://clinicaltrials.gov/study/NCT07032844
NCT06973395,The Effect of Individualized Nursing Interventions on Glycemic Variability and Self-Management in Type 2 Diabetes,NOT_YET_RECRUITING,Type 2 Diabetes Mellitus (T2DM),NA,18 Years,65 Years,ALL,"Inclusion Criteria:

* Including the data of those aged 18-65,
* Those receiving oral antidiabetic treatment,
* Those who can use a smartphone and have internet access,
* Those who know how to write, read and speak Turkish,
* Those who do not have communication skills,
* Those who do not have a mental illness and are on psychiatric medication.

Exclusion Criteria:

* Individuals with liver and kidney failure, myocardial infarction, cerebrovascular accident and cancer
* Individuals receiving insulin treatment
* Individuals using steroid treatment will not be included in the study.",https://clinicaltrials.gov/study/NCT06973395
NCT04268212,An Alternative Approach to Improve Hyperglycemia Among Type 2 Diabetes Patients,COMPLETED,Type2 Diabetes,NA,20 Years,79 Years,ALL,"Inclusion Criteria:

* An age of 20 to 79 years
* Physician-diagnosed type 2 diabetes
* Medical clearance for physical activity from their healthcare provider

Exclusion Criteria:

* Pregnant or were receiving insulin treatment
* An allergy to bitter melon
* Medical conditions that impacted the normal the functioning of the gastrointestinal tract
* Contraindications to physical activity",https://clinicaltrials.gov/study/NCT04268212
NCT06684912,Acute Effects of Aerobic Exercise on Flow Mediated Slowing and Flow Mediated Dilation in Adults With and Without Type 2 Diabetes,COMPLETED,"Diabetes Mellitus, Type 2",NA,18 Years,,MALE,"Inclusion Criteria:

* Body mass index \< 30 kg/m2
* Less than two risk factors for cardiovascular disease (for participants without type diabetes mellitus)
* No electrocardiographic or symptomatic abnormalities on the exercise stress
* Physically active (3-5 days of structured exercise; for participants without type diabetes)
* Glycosylated haemoglobin (HbA1c) levels (≥ 5.7% and bellow 8.0%) or fasting blood glucose ≥126 mg/dL and below 185 mg/dL) - for participants with type 2 diabetes

Exclusion Criteria:

* Cardiovascular disease (e.g., heart failure, ischemic heart disease)
* Orthostatic intolerance
* Thyroid dysfunction
* Mental disease
* Microvascular complications (e.g., neuropathies)
* Renal disease
* Musculoskeletal disease (e.g., sarcopenia, osteoporosis)
* Smoking
* Vasoactive medications (e.g. angiotensin-converting enzyme inhibitors, calcium channel blockers)",https://clinicaltrials.gov/study/NCT06684912
NCT01741181,Vitamin D Supplementation in Patients With Diabetes Mellitus Type 2,COMPLETED,Diabetes Mellitus Type 2; Vitamin D Deficiency,PHASE4,21 Years,80 Years,ALL,"Inclusion Criteria:

* Subjects with Type 2 Diabetes Mellitus
* HbA1c : 6.0-10.0%
* Male of female aged 21-80 years
* Stable Diabetes, blood pressure and hyperlipidemia medications (a 25% dose adjustment is allowed) in the last three months
* Baseline serum 25(0H)D concentration \<30ng/ml for randomisation

Exclusion Criteria:

* Baseline serum 25(OH)D concentration \>30ng/ml
* Baseline HbA1c\>10.1%
* Baseline hypercalcemia (Ca\>2.58 mmol/L)
* Known case of Primary Hyperparathyroidism
* Known to be on bisphosphonates
* Known to be on Vitamin D supplementation of 1000 units daily or more in the last one year.
* Chronic renal failure with eGFR\<30ml/min
* Known to have cirrhosis of the liver or transaminitis with ALT/AST \>3X ULN
* Patients with h/o sarcoidosis, renal calculi or any malignancy
* Patients on current treatment for tuberculosis
* Pregnancy and Lactation
* Women of childbearing potential not taking effective contraceptive measures.
* Patients on long term glucocorticoids or anti-retroviral drugs
* Patients on orlistat or other over the counter preparations that claim to block fat absorption.
* A change in the type of medications for hypertension, diabetes mellitus and hyperlipidemia in the last three months
* Patients who have undergone any form of bariatric surgery
* Patients known to have any malabsorption disorders
* Patients known to have osteoporosis or of baseline BMD scan shows osteoporosis as T score \<-2.5SD (for randomisation)",https://clinicaltrials.gov/study/NCT01741181
NCT07380828,CArdio-Reno- Hepato -MEtabolic Disease iN Chronic Heart Failure (CARMEN-CHF),NOT_YET_RECRUITING,Heart Failure; Cardio-renal-metabolic Syndrome,,18 Years,,ALL,"Inclusion Criteria:

1. Age ≥18 years;
2. A diagnosis that satisfies one of the following criteria:

   * At least one of the following:

LVEF \<50%, LV longitudinal systolic strain (GLS) \<18%, NT-proBNP \>125 pg/mL in sinus rhythm or 365 in AF/AT, E/é \>9 at rest by tissue Doppler, Indexed left ventricular volume (ILV) \>34 mL/m2 in sinus rhythm or 40 mL/m2 in AF/AT, Tricuspid regurgitation (TR) velocity \>2.8 m/s or pulmonary artery systolic pressure (PASP) \>35 mmHg. at rest, Left ventricular myocardial mass index (LVMI) \>115/95 g/m2 in men/women and relative wall thickness (RWT) \>0.42, in the absence of symptoms and/or signs of current or past CHF, which corresponds to ""pre-CHF"" in accordance with the 2024 clinical guidelines.

or

* LVEF \<50% and the presence of symptoms and/or signs of current or past CHF or
* LVEF ≥50% and the presence of symptoms and/or signs of current or past CHF, as well as at least one of the following (A, B, C) criteria:

A. Presence of one of the signs of structural and/or functional heart disorders consistent with the presence of diastolic dysfunction / elevated left ventricular filling pressure:

1. . NT-proBNP level \>200 pg/mL in sinus rhythm or \>600 pg/mL in AF/AT,
2. . E/é \>13 at rest by tissue Doppler,
3. . 13 ≥E/é \>9 + left atrial dilation (LAD) \>34 ml/m2 in sinus rhythm or \>40 ml/m2 in AF/AT,
4. . 13 ≥E/é \>9 + TR velocity \>2.8 m/s or PASP \>35 mmHg at rest,
5. . 13 ≥E/é \>9 + presence of left ventricular hypertrophy, defined as LVMI \>115 g/m2 in men and \>95 g/m2 in women, WCT \>0.42, OR B. Presence of 7-9 points on the H2FPEF scale; OR C. Positive diastolic stress test result confirming increased LV filling pressure (E/e'≥15, TR velocity \>3.4 m/s) 3. No intravenous therapy with diuretics, nitrates, vasopressors, or inotropes within 24 hours prior to inclusion; 4. Availability of results of all of the following tests, performed no earlier than in the previous 6 months prior to inclusion in the study:

\[1\] Complete blood count with hemoglobin and platelet levels, \[2\] Blood chemistry with total bilirubin, ALT, and AST levels, \[3\] Serum uric acid and creatinine levels, with glomerular filtration rate (eGFR) calculation using the 2021 CKD-EPI formula, \[4\] Fasting glucose and HbA1c, and, if the diagnosis is uncertain, an oral glucose tolerance test, \[5\] Ultrasound of the carotid and/or femoral arteries (only in patients with no prior history of atherosclerotic cardiovascular disease), \[6\] Urine test for CKD markers - at least one of the following: daily albuminuria (mg/day) and/or albumin/creatinine ratio in a single urine portion (mg/g or mg/mmol) and/or daily proteinuria (g/day) and/or protein/creatinine ratio in a single urine portion (mg/g or mg/mmol). -

Exclusion Criteria:

* 1\. Current participation in a randomized clinical trial; 2. Confirmed or suspected diagnosis of an alternative or comorbid condition that, in the opinion of the investigator, may explain the patient's symptoms and signs of CHF; 3. History of heart transplantation, combined congenital heart disease, or the presence of a mechanical circulatory support device; 4. Cardiac tamponade; 5. Pregnancy and lactation, planning a pregnancy in the next 24 months; 6. Acute cerebrovascular accident, transient ischemic attack, acute coronary syndrome, or coronary revascularization within less than 30 days prior to or on the day of study inclusion; 7. Acute dysfunction or failure of one or more internal organs within 3 months prior to or on the day of inclusion; 8. Any cardiac surgery performed within 3 months prior to enrollment or planned within the next 6 months, including implantation of intracardiac devices, ablation for cardiac arrhythmias, or correction of valvular pathology; 9. Severe cognitive impairment or other conditions that, in the opinion of the investigator, prevent the patient from understanding the program, providing informed consent, or interfere with participation in the study; 10. Active cancer; 11. Verified cardiac amyloidosis or other infiltrative cardiomyopathy (hemochromatosis, Fabry disease, Gaucher disease); 12. Verified hereditary cardiomyopathy; 13. Heart disease due to reversible causes (e.g., Takotsubo syndrome).",https://clinicaltrials.gov/study/NCT07380828
NCT06875167,Semi-closed Loop Automated Insulin Therapy in the Pediatric Population Aged 2-6 Years With Type 1 Diabetes: Impact on Quality of Life and Glycemic Control,RECRUITING,Type 1 Diabetes; Closed Loop; Insulin; Quality of Life; Pediatric,,2 Years,6 Years,ALL,"Inclusion Criteria:

* -Patients aged 2 to 6 years inclusive
* Presenting type 1 diabetes on insulin therapy
* Social security affiliates
* Patient initiating semi-closed loop treatment
* Family (at least one parent or representative of parental authority) agreeing to follow the training necessary for continuous measurement of glucose in real time.
* collection of non-opposition from one of the two parents or the representative of parental authority agreement

Exclusion Criteria:

* Opposition to participation in research involving humans or opposition to the use of data or samples and associated data (withdrawal of non-opposition).",https://clinicaltrials.gov/study/NCT06875167
NCT02246400,CardioMetabolic Program Meets eHealth: Redesign and Evaluation for Optimal Reach and Impact,COMPLETED,Obesity; Metabolic Syndrome; Pre-diabetes; Type 2 Diabetes; Cardiovascular Disease,NA,18 Years,,ALL,"Inclusion Criteria:

* English-speaking adults aged 18+ years
* High-risk primary prevention: BMI 35+ and prediabetes (including hx of gestational diabetes) and/or metabolic syndrome
* Secondary prevention: BMI 30+ and type 2 diabetes and/or cardiovascular disease
* Able and willing to provide written informed consent

Exclusion Criteria:

* Medical determination that the study is inappropriate or unsafe for the patient
* Type 1 diabetes
* Safety concerns related to significant physical or mental health issues or life expectancy of less than 12 months
* Currently pregnant or lactating
* No regular telephone or broadband Internet access or otherwise unable to participate in the intervention",https://clinicaltrials.gov/study/NCT02246400
NCT01663207,Characterization of the Variability Of Insulin Secretory Parameters in the Meal Tolerance and the Maximal Stimulation Tests of Subjects With Prediabetes,COMPLETED,Type 2 Diabetes,,30 Years,65 Years,ALL,"Inclusion Criteria:

1. Ability to give informed consent and comply with all study requirements
2. Overweight and obese, generally healthy men and women. Healthy is defined as no clinically relevant abnormalities identified by a detailed medical history (with the exception of glucose tolerance, see below), full physical examination, including blood pressure and pulse rate measurement, 12 lead ECG and clinical laboratory tests.
3. Glucose Parameters:

   1. Fasting plasma glucose ≥100 mg/dL and \<126 mg/dL
   2. 2h post-OGTT glucose of ≥140 and \<200 mg/dL
   3. HbA1c\<6.5%
4. Women of child-bearing potential are allowed (but must agree to use non-hormonal contraception and not plan to become pregnant for the duration of the study). Must agree to maintain the same contraceptive measures throughout the study. Acceptable contraceptive methods for female subjects of childbearing potential include one of the following:

   * Abstinence.
   * One (1) of the following methods:

     * Tubal ligation
     * Copper-containing intrauterine device (IUD)
     * Condom AND spermicidal foam/gel/film/cream/suppository
     * Male partner who has had a vasectomy for at least 6 months.
5. It is required that all male subjects use an acceptable method of contraception (as outlined below), starting from the first dose of study medication and continuing for at least 28 days after the last dose of study drug:

   1. Abstinence
   2. A condom AND one of the following:

      * Vasectomy for more than 6 months.
      * Female partner who meets one of the following conditions:

        * Has had a tubal ligation, hysterectomy, or bilateral oophorectomy; or
        * Is post menopausal (menopause is defined as over the age of 60 years, or between 45 and 60 years being amenorrheic for at least 2 years with plasma (FSH) level \> 30 UI/L) or
        * Or for female partners of the male participants, in addition to hysterectomy, oophorectorectomy, or post-menopausal status, that the use of a spermicidal gel or foam will constitute adequate protection in conjunction with use of a condom by the male.
6. BMI 27-40; stable weight (less than 3% change in past 3 months) Age Range: 30-65
7. No history of diabetes mellitus
8. Other conditions may be allowed, if medically stable and controlled for at least four weeks within acceptable limits, including: hypertension, dyslipidemia, osteoarthritis, osteoporosis
9. Smokers allowed, but must be able to participate on inpatient stay and not smoke

Exclusion Criteria:

Subjects presenting with any of the following will not be included in the study:

1. Evidence or history of clinically significant hematological, renal, endocrine, pulmonary, gastrointestinal, cardiovascular, hepatic, psychiatric, neurologic, neoplastic, or allergic or clinical findings at Screening (seasonal allergies OK).
2. Any condition possibly affecting absorption (eg, gastrectomy, malabsorption syndromes, abdominal surgery other than appendectomy, cholecystectomy or hysterectomy).
3. Use of unacceptable medications
4. A positive urine drug screen.
5. History of regular alcohol consumption exceeding 7 drinks/week for females or 14 drinks/week for men (1 drink = 5 ounces (150 mL) of wine or 12 ounces (360 mL) of beer or 1.5 ounces (45 mL) of hard liquor) within 6 months of Screening.
6. Treatment with an investigational drug within 30 days or 5 half-lives preceding the first dose of study medication.
7. 12 lead ECG demonstrating QTc \>450 msec at Screening for males, 470 msec for females. If QTc exceeds 450/470 msec, the ECG should be repeated two more times and the average of the three QTc values should be used to determine the subject's eligibility. An ECG with evidence for possible old myocardial infarction will need to have prior ECGs to document stability of finding.
8. Supine blood pressure \>=140 mm Hg (systolic) or 90 mm Hg (diastolic), on a single measurement. If elevated, confirm by a single repeat, following at least 10 minutes of rest.
9. Screening serum alanine transaminase (ALT) or serum aspartate transaminase (AST) greater than 2X the upper limit of the laboratory reference range.
10. Elevated fasting triglycerides at screening (\>500 mg/dL), confirmed by a single repeat if deemed necessary.
11. Pregnant or nursing females; inability to use effective contraception.
12. Blood donation of approximately 1 pint (500 mL) within 56 days prior to dosing.
13. Participation in a clinical biomedical research study within prior two months may be excluded, depending on study type and details.
14. History of sensitivity to heparin or heparin-induced thrombocytopenia, if utilized by the site for blood draws.
15. Unwilling or unable to comply with directions and procedures described in this protocol.
16. Subject is the Investigator or a sub-Investigator, research assistant, pharmacist, study coordinator, other staff, or a relative of study personnel directly involved with the conduct of the study.
17. Other severe acute or chronic medical or psychiatric condition or laboratory abnormality that may increase the risk associated with study participation or investigational product administration or may interfere with the interpretation of study results and, in the judgment of the investigator, would make the subject inappropriate for entry into this study.",https://clinicaltrials.gov/study/NCT01663207
NCT00449605,A Glycemic Control Evaluation of Glimepiride Versus Rimonabant on Top of Metformin in Type 2 Diabetes,TERMINATED,"Diabetes Mellitus, Type 2",PHASE3,18 Years,,ALL,"Inclusion Criteria:

* Patients with legal age
* Body Mass Index \>27kg/m2
* Type 2 diabetes as defined by World Health Organization (WHO) criteria, treated with metformin for at least 6 months and with a stable dose of metformin \>=1500 mg/day for at least three months
* HbA1c \>=7% and \<=9% at screening visit

Exclusion Criteria:

* Weight loss \> 5 kg within three months prior to screening
* Presence of any clinically significant endocrine disease according to the Investigator
* Presence of type 1 diabetes
* Presence or history of cancer within the past 5 years with the exception of adequately-treated localized basal cell skin cancer or in situ uterine cervical cancer
* Previous participation in a clinical study with rimonabant
* Absence of effective medical contraceptive method for females of childbearing potential
* Within 3 months prior to screening visit: use of oral antidiabetic drugs (other than metformin) and/or insulin, of anti-obesity drugs or other drugs for weight reduction
* Within 2 months prior to screening visit: administration of systemic long-acting corticosteroids or prolonged use (more than one week) of other systemic corticosteroids, change in lipid lowering treatment
* Presence of any severe medical or psychological condition or chronic conditions/infections that in the opinion of the Investigator would compromise the patient's safety or successful participation in the study, including uncontrolled serious psychiatric illness

The above information is not intended to contain all considerations relevant to a patient's potential participation in a clinical trial.",https://clinicaltrials.gov/study/NCT00449605
NCT01556594,Safety and Efficacy of a Novel Glucagon Formulation in Type 1 Diabetic Patients Following Insulin-induced Hypoglycemia,COMPLETED,Hypoglycemia,PHASE2,18 Years,55 Years,ALL,"Inclusion Criteria:

* History of type 1 diabetes between 2 and 30 years
* Receiving daily insulin injections or insulin pump therapy for at least 2 years
* If patient is taking Lantus, Levemir or equivalent once-daily in the evening as basal insulin, must be willing to transition to once-daily in the morning at least 48 hours prior to 1st dosing, and to follow this dosing regimen for the entire duration of the study
* Body mass index (BMI) greater than or equal to 20.00 and below or equal to 33.00 kg/m2
* Female patients must not be pregnant, and must be using effective contraception.
* Light-, non- or ex-smokers. A light smoker is defined as someone smoking 10 cigarettes or less per day for at least 3 months before day 1 of this study. An ex smoker is defined as someone who completely stopped smoking for at least 6 months before day 1 of this study

Exclusion Criteria:

* History of an episode of severe hypoglycemia (as defined by an episode that required third party assistance for treatment) in the previous 6 months before day 1 of this study
* Score ≥4 on the Clarke Hypoglycemia Awareness survey at screening
* Presence or history of pheochromocytoma (i.e. adrenal gland tumor)
* Presence or history of significant upper respiratory or allergic (i.e., seasonal rhinitis) disease
* Presence of clinically significant findings on nasal examination and bilateral anterior rhinoscopy
* Known presence of hereditary problems of galactose and /or lactose intolerance
* History of significant hypersensitivity to glucagon or any related products as well as severe hypersensitivity reactions (like angioedema) to any drugs",https://clinicaltrials.gov/study/NCT01556594
NCT06434922,Prevention and Early Detection of Ulcer Recurrence in Patients With Type II Diabetes Mellitus,COMPLETED,Recurrence; Diabetic Foot; Thermography; Quality of Life,NA,18 Years,60 Years,ALL,"Inclusion Criteria:

* Participants have a history of diabetic foot ulcers.
* signed an informed consent

Exclusion Criteria:

* Declined to participate",https://clinicaltrials.gov/study/NCT06434922
NCT07635953,New Triple Combination Therapy in Newly Diagnosed Type 2 Diabetes,NOT_YET_RECRUITING,Diabetes Mellitus,PHASE3,18 Years,75 Years,ALL,"Inclusion Criteria:

1. Male or female, 18 years≤age≤75 years at the time of signing informed consent.
2. Newly diagnosed with type 2 diabetes, or diagnosed within 1 years according to the WHO diagnostic criteria.
3. Individuals who had not received previous antidiabetic therapy, or had not received antidiabetic therapy within 3 months prior to screening, or had not received antidiabetic therapy for more than 3 consecutive months or a combined total of more than 3 months in the past 2 years.
4. 6.5%≤HbA1c≤9.0% at screening confirmed by central laboratory analysis.
5. BMI≥24 kg/m2.

Exclusion Criteria:

1. Individuals with type 1 diabetes or special types of diabetes.
2. Allergy or intolerance to investigational drugs.
3. Estimated Glomerular Filtration Rate (eGFR) \<20 mL/min/1.73 m².
4. Individuals with heart failure in New York Heart Association \[NYHA\] class III or IV in the 6 months prior to randomization.
5. History of bladder cancer or hematuria.
6. History of Multiple Endocrine Neoplasia Type 2 (MEN 2) or relevant family history.
7. History or family history of Medullary Thyroid Carcinoma (MTC), or susceptibility to MTC due to hereditary conditions.
8. History of fasting blood glucose≥13.9 mmol/L or the necessity for insulin use due to severe infection, diabetic foot, etc.
9. History of acute diabetic complications: including diabetic ketoacidosis, hyperglycemic hyperosmolar state, lactic acidosis.
10. Severe diabetic microvascular complications: proliferative retinopathy, or urinary AER\>300mg/g, or urinary protein positive, quantitative \>0.5g/24h.
11. Uncontrolled painful diabetic neuropathy and significant diabetic autonomic neuropathy.
12. Severe diabetic macrovascular complications: myocardial infarction, stroke or hospitalization for unstable angina and/or transient ischemic attack and/or peripheral arterial disease required for vascular intervention or amputation within the 12 months prior to screening.
13. Blood pressure persistently higher than 180/110 mmHg and not controllable to ≤160/100 mmHg within 1 week.
14. Alanine Aminotransferase (ALT) ≥2.5 times the upper normal limit, total bilirubin ≥1.5 times the upper normal limit.
15. Hemoglobin \<100g/L or requiring regular blood transfusion.
16. Use of medicines potentially affecting blood glucose for more than 1 week cumulatively in the past 12 weeks, such as corticosteroids, growth hormone analogs, estrogen/progestogen, high-dose diuretics, antipsychotic drugs, etc.
17. Participation in another trial involving medicine therapy within the past 3 months.
18. Expected lifespan less than 2 years as per the investigator's clinical judgment, e.g., but not limited to malignancy.
19. Pregnant or lactating females, or females of childbearing potential who cannot or are unwilling to use adequate contraception.
20. Deemed unsuitable for participation in this clinical trial at the discretion of the investigator.",https://clinicaltrials.gov/study/NCT07635953
NCT00962065,Study of LX4211 in Subjects With Type 2 Diabetes Mellitus,COMPLETED,Type 2 Diabetes Mellitus,PHASE2,18 Years,65 Years,ALL,"Inclusion Criteria:

* Males and females (non-childbearing potential), aged 18-65 years
* Diagnosis of Type 2 diabetes mellitus for at least 6 months prior to screening
* Fasting plasma glucose ≤ 240 mg/dL prior to metformin washout
* Body mass index \< 42 kg/m\^2
* HbA1c value of 7 to 11%
* C-peptide ≥ 1.0 ng/mL
* Ability to provide written informed consent

Exclusion Criteria:

* History of Type 1 diabetes mellitus, diabetic ketoacidosis, hyperosmolar nonketotic syndrome, incontinence, or nocturia
* Use of any blood glucose lowering agent other than metformin
* Prior exposure to insulin, thiazide, or loop diuretics within 4 weeks prior to screening
* Laboratory or electrocardiogram abnormalities deemed significant by the Sponsor or the Investigator
* Positive test result for glutamic acid decarboxylase (GAD) antibody
* Surgery within 6 months of screening
* Exposure to any investigational agent or participation in any investigational trial within 30 days prior to Day 1
* Hypersensitivity to an SGLT2 inhibitor
* History of drug or alcohol abuse within the last 12 months",https://clinicaltrials.gov/study/NCT00962065
NCT02759107,A Study of Tirzepatide (LY3298176) in Healthy Participants and Participants With Type 2 Diabetes (T2DM),COMPLETED,Healthy; Type 2 Diabetes Mellitus (T2DM),PHASE1,21 Years,70 Years,ALL,"Inclusion Criteria:

* Healthy participants (Parts A and B) and participants with T2DM diagnosed at least 1 year before enrollment (Part C)
* Have a screening body mass index (BMI) of greater than 18.5 and less than or equal to 40.0 kilograms per meter squared (kg/m²), inclusive
* Participants with T2DM (Part C only): have T2DM controlled with diet and exercise alone or are stable on a single oral antidiabetic medication (metformin for at least 30 days or sulfonylureas). Participants receiving sulfonylureas may participate only if this treatment is stopped for at least 6 weeks before dosing with study drug

Exclusion Criteria:

* Have known allergies to tirzepatide, glucagon-like peptide (GLP)-1 analogs, or related compounds
* Have an abnormality in the 12-lead electrocardiogram (ECG) at screening that, in the opinion of the investigator, increases the risks associated with participating in the study
* Have a history or presence of pancreatitis (history of chronic pancreatitis or idiopathic acute pancreatitis), elevation in serum amylase or lipase (greater than 2-fold the upper limit of normal \[ULN\]) or gastrointestinal (GI) disorder (for example, relevant esophageal reflux or gall bladder disease) or any GI disease which impacts gastric emptying (for example, gastric bypass surgery, pyloric stenosis, with the exception of appendectomy) or could be aggravated by glucagon-like peptide-1 (GLP-1) analogs or dipeptidyl peptidase (DPP)-IV inhibitors

Participants with T2DM (Part C only)

* Have had more than 1 episode of severe hypoglycemia, as defined by the American Diabetes Association criteria, within 6 months before entry into the study or has a history of hypoglycemia unawareness or poor recognition of hypoglycemic symptoms

All Study Participants (Parts B and C only)

* have known allergies to tirzepatide, GLP-1 analogs, or related compounds, or acetaminophen",https://clinicaltrials.gov/study/NCT02759107
NCT07392853,Investigation of the Effectiveness of Prophylactic NPWT (ciNPWT) in High-risk Diabetic Patients With Acute Laparotomy Wounds,NOT_YET_RECRUITING,"Diabetes (Insulin-requiring, Type 1 or Type 2)",NA,,,ALL,"Inclusion Criteria:a (all criteria must apply simultaneously):

* Age ≥18 years,
* Undergoing urgent abdominal surgery,
* Diagnosis of diabetes mellitus either already present or newly diagnosed at admission
* High SSI risk. We consider a patient to be at high SSI risk if the operating surgeon categorizes the patient as high risk, and the patient is classified in the III-IV cleanliness category with an open abdominal surgical procedure (laparotomy). ""High SSI risk"" may also be assessed individually based on existing severe risk factors or using an SSI risk calculator (patients with a normal laparotomy SSI risk more than 3 times the baseline are eligible).

Exclusion Criteria: (any of the following):

* Pregnancy,
* Disseminated cancer (irresectable distant metastasis, peritoneal carcinomatosis),
* Life expectancy of less than 30 days,
* Refusal to participate in the study.",https://clinicaltrials.gov/study/NCT07392853
NCT01341795,Genetic Variation in the Transporters and Hypoglycemic Agents,UNKNOWN,Type 2 Diabetes,,20 Years,80 Years,ALL,"Inclusion Criteria:

* Newly Diagnosed Type 2 Diabetes Patients
* 20-80 years old
* Taking sitagliptin and metformin for more than 3 months

Exclusion Criteria:

* Taking other oral hypoglycemic agents
* Taking medications can induce or inhibit transporters",https://clinicaltrials.gov/study/NCT01341795
NCT01856881,Multiple Ascending Dose Study in Subjects With Type 2 Diabetes,TERMINATED,Diabetes Mellitus,PHASE1,18 Years,65 Years,ALL,"Inclusion Criteria:

* Male and female subjects ≥ 18 to ≤ 65 years of age at the time of randomization
* Female subjects must be of documented non-reproductive potential
* Diagnosed with type 2 diabetes
* HbA1c ≥ 6.5% and ≤ 10%
* Fasting C-peptide value ≥ 0.8 ng/mL
* Body mass index (BMI) between ≥ 25.0 and ≤ 40.0 kg/m2 at screening

Exclusion Criteria:

* Female subjects who are lactating/breastfeeding or who plan to breastfeed while on study through 4 weeks after receiving the last dose of study drug.
* Male subjects with partners who are pregnant or planning to become pregnant while the subject is on study through 4 weeks after receiving the last dose of study drug
* Evidence or history at screening of diabetic complications with significant end-organ damage, eg, proliferative retinopathy and/or macular edema, estimated glomerular filtration rate \< 60 mL/min/1.73m2 (calculated using the Modification of Diet in Renal Disease formula) or macroalbuminuria (ie, ≥ +1 proteinuria on urinalysis), diabetic neuropathy complicated by neuropathic ulcers, or severe autonomic neuropathy with gastroparesis, chronic diarrhea, or hypoglycemic unawareness
* Significant cardiac disease, including but not limited to, evidence or history of coronary artery disease, unstable angina, congestive heart failure, known arrhythmias of atrial or ventricular etiology, unexplained syncope, or syncope/seizures related to arrhythmia
* Uncontrolled hypertension (systolic blood pressure ≥ 150 mmHg or diastolic blood pressure ≥ 90 mmHg) either on or off therapy at screening
* Triglycerides ≥ 500 mg/dL (5.64 mmol/L) at screening
* Hepatic liver enzymes ALT, AST, alkaline phosphatase (ALP), or total bilirubin (TBIL) levels \> 1.5 times the upper limit of normal (ULN) at screening
* Fasting blood glucose \> 270 mg/dL at the screening visit
* Positive for human immunodeficiency virus (HIV) antibodies, hepatitis B surface antigen (HbsAg), or hepatitis C virus antibodies (HepCAb)
* An unstable medical condition, defined as having been hospitalized within 28 days before day -1, major surgery within 6 months before day -1, or otherwise unstable in the judgment of the investigator (eg, risk of complications or adverse events unrelated to study participation)",https://clinicaltrials.gov/study/NCT01856881
NCT03389100,Tau PET Imaging in the Northern Manhattan Study of Metabolism and Mind.,ENROLLING_BY_INVITATION,"Diabetes Mellitus, Type 2; Pre-diabetes",PHASE2,55 Years,69 Years,ALL,"Inclusion Criteria:

1. Age 55 to 69 years
2. Without dementia
3. Fluent in English and/or Spanish.
4. Living in Northern Manhattan.
5. Self-identified as Hispanic, non-Hispanic Black, or non-Hispanic White.
6. Already had or agreed to have a brain MRI and Florbetaben PET.
7. Able to participate in all scheduled evaluations and to complete all required tests and procedures.

Exclusion Criteria:

1. Dementia diagnosis
2. Certain significant medical conditions, which make study procedures of the current study unsafe. Such serious medical conditions include uncontrolled epilepsy and multiple serious injuries.
3. Persons with serious chronic conditions (e.g. Liver Cirrhosis, renal failure), which, in the opinion of the investigator, could increase the risk of un-anticipated adverse events.
4. Contraindication to MRI scanning
5. Conditions precluding entry into the scanners (e.g. morbid obesity, claustrophobia, etc.).
6. Inability to have a catheter in subject's vein for the injection of radioligand.
7. Inability to have blood drawn from subject's veins.
8. Women in the age group that we are recruiting are highly unlikely to be pre-menopausal, and thus, highly unlikely to be menstruating. However, we will ask all women if they are post-menopausal, and in the rare case that they are not, we will conduct a urine pregnancy test to rule out pregnancy.

Breastfeeding women will be excluded, although we expect this situation to be rare",https://clinicaltrials.gov/study/NCT03389100
NCT00410800,Insulin Secretory Defects in Pima Indians at High Risk for NIDDM,COMPLETED,NIDDM,,18 Years,65 Years,ALL,"* INCLUSION CRITERIA:

Healthy men and women (Pimas and non-Pimas)

At least 18 years of age

EXCLUSION CRITERIA:

Pregnancy and/or breastfeeding

Positive urine drug screening test

Inability to provide informed consent

Medical conditions or medications that, in the investigators' judgement, would affect glucose metabolism or insulin secretion. Examples include, but are not limited to: hyper- or hypothyroidism or other endocrine disorders, cardiovascular disease by history or examination, pancreatitis, hepatitis, cirrhosis or other gastrointestinal disease, renal insufficiency, active alcoholism or other substance abuse problems.",https://clinicaltrials.gov/study/NCT00410800
NCT06803771,Surveillance of Pancreatic Health After Diabetes Diagnosis,RECRUITING,"Diabetes Mellitus; Pancreatic Cancer, Adult",NA,50 Years,84 Years,ALL,"Inclusion Criteria:

* 50 - 84 years of age at the time of enrolment (within year of birth, not month of birth)
* Haemoglobin A1c (HbA1c) ≥ 48 or 6.5% and/or confirmed type II DM diagnosed within the last 180 days (+20 days flexibility allowance)
* Willing to provide up to 30 mL of blood for each study visit
* Willing and eligible to undergo MRI scan (or CT scan if MRI is contraindicated)
* Understands the study process and is willing to take part in the study and sign the informed consent form

Exclusion Criteria:

* Prior type I or type II DM diagnosis \> 6 months
* A history of pancreatic cancer, pancreatic neuroendocrine tumour (pNET) or Pancreatitis
* Under investigation for pancreatic cancer / pancreatic cyst
* Any known pancreatic surgery (not including ERCP), or other major surgery requiring anaesthesia within 3 months
* Any invasive solid or haematological cancer in the past 3 years, including cancer recurrence after treatment in the last 3 years
* Current chronic or acute oral or systemic steroid use within 3 months of initial HbA1c or diabetes diagnosis (estimate rather than accurate)
* Blood transfusion within 1 month
* Solid organ transplant recipient
* Currently pregnant
* Needing dialysis",https://clinicaltrials.gov/study/NCT06803771
NCT01121471,Supplementation With Conjugated Linoleic Acid (CLA) as Complementary Therapy in the Management of Type 2 Diabetes Mellitus (Women's Diabetes Study),COMPLETED,Diabetes Mellitus,NA,18 Years,70 Years,FEMALE,"Inclusion Criteria:

* diagnosis of Type 2 diabetes mellitus
* obese
* postmenopausal
* HbA1c \>6.49 and \<14.1

Exclusion Criteria:

* use of tobacco
* substance abuse
* impaired cognitive function
* renal disease
* abnormal liver function
* gastrointestinal diseases
* use of exogenous insulin
* use of hormone replacement therapy currently or within past 6 months
* pacemaker/defibrillator",https://clinicaltrials.gov/study/NCT01121471
NCT00099944,Efficacy and Safety of Vildagliptin in Combination With Glimepiride in Patients With Type 2 Diabetes,COMPLETED,"Diabetes Mellitus, Type 2",PHASE3,18 Years,80 Years,ALL,"Inclusion Criteria:

* Blood glucose criteria must be met
* Previously treated with a sulfonylurea for at least 3 months
* Body mass index (BMI) in the range 22-45

Exclusion Criteria:

* Type 1 diabetes
* Pregnancy or lactation
* Evidence of serious cardiovascular complications
* Evidence of serious diabetic complications
* Laboratory value abnormalities as defined by the protocol
* Known sensitivity to glimepiride
* Other protocol-defined exclusion criteria may apply",https://clinicaltrials.gov/study/NCT00099944
NCT07712809,Intelligent Care Platform - Quasi-Experimental Trial,ENROLLING_BY_INVITATION,Diabetes in Children; Diabetes Type 1,NA,3 Years,18 Years,ALL,"Inclusion Criteria:

* A. Healthcare providers (HCP) including endocrinologists, endocrinology fellows (trainees), nursing staff and allied health staff (registered dietitians, social worker), currently providing care to pediatric patients in the Diabetes Clinic in the Division of Endocrinology at BC Children's Hospital (BCCH) will be eligible to participate.

B. Patient participants and their caregivers will be recruited based on specific inclusion criteria to ensure the study population aligns with the research objectives. Eligible patients:

1. must currently be under the care of the clinic and have their endocrinologist participating in the study
2. must be between 3 and \<18 years old at the time of recruitment
3. require a confirmed diagnosis of type 1 diabetes at least six weeks before recruitment, with at least two clinical appointments anticipated during the study period
4. must be using specific glucose monitoring devices, either Dexcom or that are compatible with Glooko (refer to Glooko website link: https://support.glooko.com/hc/en-us/articles/4402302889491-Compatibility-Reference-All-Uploading-Methods) and either use basal-bolus multiple daily injection (MDI) or a Glooko compatible insulin pump for their insulin delivery method as part of their diabetes management.
5. Caregivers, defined as the primary individual involved in daily diabetes management (e.g., parent or legal guardian), must also be enrolled, understand verbal and written English, and be able to engage with the study materials.
6. As the sharing of data from diabetes devices with the platform is enabled by a connection with a patient's or parent's Glooko account, participants must also either have a Glooko account or be willing to sign-up for a Glooko to be eligible to participate so that this data can be visualized within the Careteam platform.

Exclusion Criteria:

* Patients will be excluded from participation if they are:

  1. Currently in foster care because foster parents/guardians may change without the knowledge of the clinical team, making training of new foster parents/guardians on the platform a challenge. Participation for older youth in foster care who are independently managing their diabetes and have capacity to consent to participate in the study will be assessed for inclusion to participate on a case-by-case basis and in collaboration with the clinical team.
  2. Using a non-Health Canada-approved ""looping do-it-yourself"" system for diabetes management.
  3. Undergoing active treatment for a mental health diagnosis such as an eating disorder or depression.

These exclusions are designed to ensure the safety and appropriateness of the intervention for the study population.",https://clinicaltrials.gov/study/NCT07712809
NCT05887544,Towards Objective Dietary Assessment in Large-scale Studies,COMPLETED,"Diabetes Mellitus, Type 2",,18 Years,75 Years,ALL,"Inclusion Criteria:

* Newly diagnosed type 2 diabetes (within the last 5 years from study start) (self-reported)
* 18.5-35.0 kg/m2 BMI
* More than 1cm of natural hair on the head
* Have not dyed their hair in the previous 6 months
* Willing to record dietary intake up to 9 days
* Willing to have blood samples drawn two times
* Willing to collect up to two 24-hour urine samples and 7 spot urine samples at home and be able to store them in their own freezer in provided tubes and boxes throughout the one-month study
* Have no intention to radically change dietary and physical activity habits during the study period
* Owning a smartphone with internet connection
* Can speak and read Danish

Exclusion Criteria:

* Pregnant or lactating women
* Diagnosed with any chronic or communicable diseases including liver diseases (e.g., active hepatitis B and C infections), liver cirrhosis, severe psychiatric illness or any other clinical condition that makes the subject ineligible according to the clinically responsible medical doctor (except type 2 diabetes) (self-reported).
* History of cancer within the past 5 years (except adequately-treated localized basal cell skin cancer or in situ uterine cervical cancer)
* Diagnosed with any CVD event (e.g., myocardial infarction, revascularization procedure or stroke) within the past 2 years
* Unintentional weight loss \>20% during the last 6 months
* Regular intake of prescription medication (except diabetes medication, blood pressure-lowering medication, cholesterol-lowering medication, mild antidepressants or contraceptive pills)
* Concurrent participation in another trial
* Not willing to sign the Informed consent form (ICF)
* Not willing to comply with the all the trial procedures",https://clinicaltrials.gov/study/NCT05887544
NCT00815399,Pioglitazone Versus Metformin in Type 2 Diabetes,COMPLETED,Type 2 Diabetes,PHASE4,30 Years,75 Years,ALL,"Inclusion Criteria:

* Men and women aged 30-75 years, with newly-diagnosed type 2 diabetes (according to the ADA criteria) and never treated with antihyperglycemic drugs, were selected for the study. Inclusion criteria also included a body mass index (BMI) \>25 kg/m2, and HbA1c level \<10%.

Exclusion Criteria:

* Pregnancy or breast-feeding
* Any investigational drug within the previous 3 months
* Use of agents affecting glycemic control (systemic glucocorticoids, and weight-loss drugs)
* Presence of any clinically relevant somatic or mental diseases that anticipated poor adherence to diet regimens
* To minimize the likelihood of including subjects with late-onset type 1 diabetes, candidates with a positive test for anti-GAD antibody or with fasting plasma C-peptide less than 0.76 ng/L (\<0.25 pmol/L) were excluded
* Also excluded were patients with abnormal laboratory tests, including liver enzymes (alanine aminotransferase, aspartate aminotransferase, alkaline phosphatase) greater than 3 times the upper limit of normal, and serum creatinine greater than 123.8 μmol/L (1.4 mg/dL).",https://clinicaltrials.gov/study/NCT00815399
